config,arm,seed,participation_rate,basin,mean_ci_width,n_alpha_plus_beta,applied_evidence,all_scores_half,total_ratings_last_ep,rating_actions,total_actions,applied_per_agent_step,n_agents,rho_defined
c1,A,0,0.15935,honest-dominant,0.2807594265365379,27.1441112912962,23.1441112912962,0,321,6374,40000,0.1605,20,1
c1,A,1,0.0,abstention,0.699928582359657,4.0,0.0,1,0,0,40000,0.0,20,0
c1,A,2,0.0,abstention,0.699928582359657,4.0,0.0,1,0,0,40000,0.0,20,0
c1,A,3,0.37375,honest-dominant,0.2091617919945882,50.0407613287717,46.0407613287717,0,668,14950,40000,0.334,20,1
c1,A,4,0.633375,honest-dominant,0.09071796395072029,256.29046623340867,252.29046623340867,0,1394,25335,40000,0.697,20,1
c1,A,5,0.05275,honest-dominant,0.37183075566861123,16.637600775859653,12.637600775859653,0,88,2110,40000,0.044,20,1
c1,A,6,0.698775,honest-dominant,0.17290474243819148,105.38586989200118,101.38586989200118,0,1408,27951,40000,0.704,20,1
c1,A,7,0.28025,honest-dominant,0.20180032808763598,62.20728053476317,58.20728053476317,0,641,11210,40000,0.3205,20,1
c1,A,8,0.0,abstention,0.699928582359657,4.0,0.0,1,0,0,40000,0.0,20,0
c1,A,9,0.125425,honest-dominant,0.31538692699579596,21.963528183804264,17.963528183804264,0,279,5017,40000,0.1395,20,1
c1,A,10,0.0437,honest-dominant,0.4684285368129215,10.604740085084039,6.604740085084039,0,93,1748,40000,0.0465,20,1
c1,A,11,0.0,abstention,0.699928582359657,4.0,0.0,1,0,0,40000,0.0,20,0
c1,A,12,0.0824,honest-dominant,0.3262825019658015,20.77802025830778,16.77802025830778,0,136,3296,40000,0.068,20,1
c1,A,13,0.92325,honest-dominant,0.12199733048177124,223.3249712270614,219.3249712270614,0,1841,36930,40000,0.9205,20,1
c1,A,14,0.0,abstention,0.699928582359657,4.0,0.0,1,0,0,40000,0.0,20,0
c1,A,15,0.0,abstention,0.699928582359657,4.0,0.0,1,0,0,40000,0.0,20,0
c1,A,16,0.901375,honest-dominant,0.07722677527188013,344.24539585746254,340.24539585746254,0,1785,36055,40000,0.8925,20,1
c1,A,17,0.0,abstention,0.699928582359657,4.0,0.0,1,0,0,40000,0.0,20,0
c1,A,18,0.0,abstention,0.699928582359657,4.0,0.0,1,0,0,40000,0.0,20,0
c1,A,19,0.84,honest-dominant,0.1457115706707187,97.32141946611465,93.32141946611465,0,1680,33600,40000,0.84,20,1
c1,A,20,0.0,abstention,0.699928582359657,4.0,0.0,1,0,0,40000,0.0,20,0
c1,A,21,0.0,abstention,0.699928582359657,4.0,0.0,1,0,0,40000,0.0,20,0
c1,A,22,0.2069,honest-dominant,0.17583910034123296,63.94004416127768,59.94004416127768,0,423,8276,40000,0.2115,20,1
c1,A,23,0.0,abstention,0.699928582359657,4.0,0.0,1,0,0,40000,0.0,20,0
c1,A,24,0.064375,honest-dominant,0.38960620805628376,17.406006360929428,13.406006360929428,0,122,2575,40000,0.061,20,1
c1,A,25,0.0,abstention,0.699928582359657,4.0,0.0,1,0,0,40000,0.0,20,0
c1,A,26,0.79225,honest-dominant,0.15245584253893968,92.15937492893026,88.15937492893026,0,1553,31690,40000,0.7765,20,1
c1,A,27,0.0,abstention,0.699928582359657,4.0,0.0,1,0,0,40000,0.0,20,0
c1,A,28,0.0,abstention,0.699928582359657,4.0,0.0,1,0,0,40000,0.0,20,0
c1,A,29,0.0,abstention,0.699928582359657,4.0,0.0,1,0,0,40000,0.0,20,0
c1,B,0,0.65835,honest-dominant,0.0893330712129943,257.1261741711772,253.12617417117718,0,1314,26334,40000,0.657,20,1
c1,B,1,1.0,honest-dominant,0.1355744205177623,110.4194321855415,106.4194321855415,0,2000,40000,40000,1.0,20,1
c1,B,2,1.0,honest-dominant,0.13157882489788408,202.46212425080992,198.46212425080992,0,2000,40000,40000,1.0,20,1
c1,B,3,1.0,honest-dominant,0.13233581473680955,129.2575308448819,125.2575308448819,0,2000,40000,40000,1.0,20,1
c1,B,4,1.0,honest-dominant,0.12378144553173409,206.59124497249593,202.59124497249593,0,2000,40000,40000,1.0,20,1
c1,B,5,1.0,honest-dominant,0.10739842170148775,322.1350515307386,318.1350515307386,0,2000,40000,40000,1.0,20,1
c1,B,6,1.0,honest-dominant,0.1355744205177623,110.4194321855415,106.4194321855415,0,2000,40000,40000,1.0,20,1
c1,B,7,1.0,honest-dominant,0.11711086435810962,256.8367417539495,252.83674175394952,0,2000,40000,40000,1.0,20,1
c1,B,8,1.0,honest-dominant,0.16214610870548646,119.2690966745181,115.2690966745181,0,2000,40000,40000,1.0,20,1
c1,B,9,1.0,honest-dominant,0.07112738405741877,389.215753422146,385.215753422146,0,2000,40000,40000,1.0,20,1
c1,B,10,1.0,honest-dominant,0.08003783190499426,374.7095189328705,370.7095189328705,0,2000,40000,40000,1.0,20,1
c1,B,11,1.0,honest-dominant,0.07112738405741877,389.215753422146,385.215753422146,0,2000,40000,40000,1.0,20,1
c1,B,12,0.92,honest-dominant,0.07448246786471932,357.2024159458289,353.2024159458289,0,1840,36800,40000,0.92,20,1
c1,B,13,1.0,honest-dominant,0.0755009887226796,385.0627571834221,381.0627571834221,0,2000,40000,40000,1.0,20,1
c1,B,14,1.0,honest-dominant,0.08266657900883527,334.8611910193596,330.8611910193596,0,2000,40000,40000,1.0,20,1
c1,B,15,1.0,honest-dominant,0.11355262058071744,265.9417281547189,261.9417281547189,0,2000,40000,40000,1.0,20,1
c1,B,16,1.0,honest-dominant,0.07112738405741877,389.215753422146,385.215753422146,0,2000,40000,40000,1.0,20,1
c1,B,17,1.0,honest-dominant,0.1355744205177623,110.4194321855415,106.4194321855415,0,2000,40000,40000,1.0,20,1
c1,B,18,1.0,honest-dominant,0.07112738405741877,389.215753422146,385.215753422146,0,2000,40000,40000,1.0,20,1
c1,B,19,0.0,abstention,0.699928582359657,4.0,0.0,1,0,0,40000,0.0,20,0
c1,B,20,0.94,honest-dominant,0.14169183632036525,110.3240180775914,106.3240180775914,0,1880,37600,40000,0.94,20,1
c1,B,21,1.0,honest-dominant,0.1675068247535456,123.47470179064875,119.47470179064875,0,2000,40000,40000,1.0,20,1
c1,B,22,1.0,honest-dominant,0.09280815883755375,290.7223835555461,286.7223835555461,0,2000,40000,40000,1.0,20,1
c1,B,23,1.0,honest-dominant,0.16555990843095683,119.55964865247265,115.55964865247265,0,2000,40000,40000,1.0,20,1
c1,B,24,1.0,honest-dominant,0.07112738405741877,389.215753422146,385.215753422146,0,2000,40000,40000,1.0,20,1
c1,B,25,1.0,honest-dominant,0.12772420104965115,146.3075804959545,142.3075804959545,0,2000,40000,40000,1.0,20,1
c1,B,26,1.0,honest-dominant,0.09951698928935716,367.13821228561983,363.13821228561983,0,2000,40000,40000,1.0,20,1
c1,B,27,1.0,honest-dominant,0.07112738405741877,389.215753422146,385.215753422146,0,2000,40000,40000,1.0,20,1
c1,B,28,1.0,honest-dominant,0.07112738405741877,389.215753422146,385.215753422146,0,2000,40000,40000,1.0,20,1
c1,B,29,1.0,honest-dominant,0.07112738405741877,389.215753422146,385.215753422146,0,2000,40000,40000,1.0,20,1
c2,A,0,0.0,abstention,0.699928582359657,4.0,0.0,1,0,0,40000,0.0,20,0
c2,A,1,0.0,abstention,0.699928582359657,4.0,0.0,1,0,0,40000,0.0,20,0
c2,A,2,0.0,abstention,0.699928582359657,4.0,0.0,1,0,0,40000,0.0,20,0
c2,A,3,1.0,honest-dominant,0.07112738405741877,389.215753422146,385.215753422146,0,2000,40000,40000,1.0,20,1
c2,A,4,0.387175,honest-dominant,0.20395489268181882,51.892339865645184,47.892339865645184,0,770,15487,40000,0.385,20,1
c2,A,5,1.0,honest-dominant,0.07112738405741877,389.215753422146,385.215753422146,0,2000,40000,40000,1.0,20,1
c2,A,6,0.716075,honest-dominant,0.08570812230671354,272.3969546340226,268.3969546340226,0,1417,28643,40000,0.7085,20,1
c2,A,7,0.121725,honest-dominant,0.24486518801766727,32.96912240612615,28.969122406126147,0,218,4869,40000,0.109,20,1
c2,A,8,0.413475,honest-dominant,0.23308965270718324,50.24103319228682,46.24103319228682,0,817,16539,40000,0.4085,20,1
c2,A,9,0.948725,honest-dominant,0.07446255026556628,369.82152480159357,365.82152480159357,0,1891,37949,40000,0.9455,20,1
c2,A,10,0.762475,honest-dominant,0.151222394401078,90.35336781553751,86.35336781553751,0,1501,30499,40000,0.7505,20,1
c2,A,11,1.0,honest-dominant,0.1355744205177623,110.4194321855415,106.4194321855415,0,2000,40000,40000,1.0,20,1
c2,A,12,0.585925,adversarial-dominant,0.3151686206759355,18.827835207111384,14.827835207111384,0,99,23437,40000,0.0495,20,1
c2,A,13,0.767625,honest-dominant,0.08429944155503047,292.5845352458755,288.5845352458755,0,1548,30705,40000,0.774,20,1
c2,A,14,0.22905,honest-dominant,0.16777397948987643,81.50461420355973,77.50461420355973,0,424,9162,40000,0.212,20,1
c2,A,15,0.0,abstention,0.699928582359657,4.0,0.0,1,0,0,40000,0.0,20,0
c2,A,16,0.40855,honest-dominant,0.10990504348140102,159.89523200197482,155.89523200197482,0,815,16342,40000,0.4075,20,1
c2,A,17,1.0,honest-dominant,0.07112738405741877,389.215753422146,385.215753422146,0,2000,40000,40000,1.0,20,1
c2,A,18,0.999675,honest-dominant,0.09325506489981107,301.0235671330348,297.0235671330348,0,1999,39987,40000,0.9995,20,1
c2,A,19,0.012425,adversarial-dominant,0.699928582359657,4.0,0.0,1,0,497,40000,0.0,20,1
c2,A,20,1.0,honest-dominant,0.07112738405741877,389.215753422146,385.215753422146,0,2000,40000,40000,1.0,20,1
c2,A,21,1.0,honest-dominant,0.10446330108608044,343.27200115168364,339.27200115168364,0,2000,40000,40000,1.0,20,1
c2,A,22,0.914725,honest-dominant,0.10382790716867954,250.70548665577627,246.70548665577627,0,1851,36589,40000,0.9255,20,1
c2,A,23,1.0,honest-dominant,0.10569396745644459,307.34273794710623,303.34273794710623,0,2000,40000,40000,1.0,20,1
c2,A,24,0.0488,honest-dominant,0.44477030081548874,11.280576712695,7.280576712695,0,77,1952,40000,0.0385,20,1
c2,A,25,1.0,honest-dominant,0.1355744205177623,110.4194321855415,106.4194321855415,0,2000,40000,40000,1.0,20,1
c2,A,26,1.0,adversarial-dominant,0.16952140921606546,35.03880360995178,31.038803609951778,0,159,40000,40000,0.0795,20,1
c2,A,27,0.015025,honest-dominant,0.5589967091934049,7.3848291840408455,3.3848291840408455,0,31,601,40000,0.0155,20,1
c2,A,28,0.23475,adversarial-dominant,0.5734678580226881,6.58042884759479,2.5804288475947903,0,29,9390,40000,0.0145,20,1
c2,A,29,0.575725,honest-dominant,0.17443541468974022,70.48788842264314,66.48788842264314,0,1152,23029,40000,0.576,20,1
c2,B,0,1.0,honest-dominant,0.16689774060437546,121.50874916283347,117.50874916283347,0,2000,40000,40000,1.0,20,1
c2,B,1,1.0,honest-dominant,0.07112738405741877,389.215753422146,385.215753422146,0,2000,40000,40000,1.0,20,1
c2,B,2,1.0,honest-dominant,0.15909674349614275,114.61294998677853,110.61294998677853,0,2000,40000,40000,1.0,20,1
c2,B,3,1.0,honest-dominant,0.1355744205177623,110.4194321855415,106.4194321855415,0,2000,40000,40000,1.0,20,1
c2,B,4,1.0,honest-dominant,0.11655433802481341,237.0112270267036,233.0112270267036,0,2000,40000,40000,1.0,20,1
c2,B,5,0.0,abstention,0.699928582359657,4.0,0.0,1,0,0,40000,0.0,20,0
c2,B,6,1.0,honest-dominant,0.13761580550843536,166.26020515731446,162.26020515731446,0,2000,40000,40000,1.0,20,1
c2,B,7,1.0,honest-dominant,0.1355744205177623,110.4194321855415,106.4194321855415,0,2000,40000,40000,1.0,20,1
c2,B,8,1.0,honest-dominant,0.13126543735731958,179.78971541127393,175.78971541127393,0,2000,40000,40000,1.0,20,1
c2,B,9,1.0,honest-dominant,0.13023136000102964,209.76285791329187,205.76285791329187,0,2000,40000,40000,1.0,20,1
c2,B,10,1.0,mixed,0.15070910734543844,110.90368748820677,106.90368748820677,0,1769,40000,40000,0.8845,20,1
c2,B,11,1.0,honest-dominant,0.1363754776265909,188.74929209640854,184.74929209640854,0,2000,40000,40000,1.0,20,1
c2,B,12,1.0,honest-dominant,0.16500496670671733,118.4758436118239,114.4758436118239,0,2000,40000,40000,1.0,20,1
c2,B,13,0.99995,honest-dominant,0.07112738405741877,389.215753422146,385.215753422146,0,2000,39998,40000,1.0,20,1
c2,B,14,1.0,honest-dominant,0.1355744205177623,110.4194321855415,106.4194321855415,0,2000,40000,40000,1.0,20,1
c2,B,15,1.0,honest-dominant,0.07112738405741877,389.215753422146,385.215753422146,0,2000,40000,40000,1.0,20,1
c2,B,16,1.0,honest-dominant,0.09793796155992472,369.94900352386674,365.94900352386674,0,2000,40000,40000,1.0,20,1
c2,B,17,1.0,honest-dominant,0.1355744205177623,110.4194321855415,106.4194321855415,0,2000,40000,40000,1.0,20,1
c2,B,18,1.0,honest-dominant,0.13524683440780316,196.6124179795796,192.6124179795796,0,2000,40000,40000,1.0,20,1
c2,B,19,1.0,honest-dominant,0.1653004545787302,118.44312018676395,114.44312018676395,0,2000,40000,40000,1.0,20,1
c2,B,20,1.0,honest-dominant,0.08492611715484548,388.12822923512664,384.12822923512664,0,2000,40000,40000,1.0,20,1
c2,B,21,0.0,abstention,0.699928582359657,4.0,0.0,1,0,0,40000,0.0,20,0
c2,B,22,1.0,honest-dominant,0.1355744205177623,110.4194321855415,106.4194321855415,0,2000,40000,40000,1.0,20,1
c2,B,23,0.0,abstention,0.699928582359657,4.0,0.0,1,0,0,40000,0.0,20,0
c2,B,24,0.0,abstention,0.699928582359657,4.0,0.0,1,0,0,40000,0.0,20,0
c2,B,25,1.0,honest-dominant,0.1355744205177623,110.4194321855415,106.4194321855415,0,2000,40000,40000,1.0,20,1
c2,B,26,1.0,honest-dominant,0.07112738405741877,389.215753422146,385.215753422146,0,2000,40000,40000,1.0,20,1
c2,B,27,0.0,abstention,0.699928582359657,4.0,0.0,1,0,0,40000,0.0,20,0
c2,B,28,1.0,honest-dominant,0.14257688031095175,110.97406093070889,106.97406093070889,0,2000,40000,40000,1.0,20,1
c2,B,29,1.0,honest-dominant,0.13852993398726238,110.61766142510177,106.61766142510177,0,2000,40000,40000,1.0,20,1
c3,A,0,0.671175,honest-dominant,0.10833636907989805,222.7836077216693,218.7836077216693,0,1341,26847,40000,0.6705,20,1
c3,A,1,0.777475,honest-dominant,0.07871862815507084,309.1235942661294,305.1235942661294,0,1581,31099,40000,0.7905,20,1
c3,A,2,0.617525,honest-dominant,0.08969927973655785,237.66555476078048,233.66555476078048,0,1239,24701,40000,0.6195,20,1
c3,A,3,0.586825,honest-dominant,0.1063445865864586,209.87023842967946,205.87023842967946,0,1184,23473,40000,0.592,20,1
c3,A,4,0.604675,honest-dominant,0.0904483783211246,233.77146647086894,229.77146647086894,0,1212,24187,40000,0.606,20,1
c3,A,5,0.57275,honest-dominant,0.09358265558113002,219.85783711292538,215.85783711292538,0,1149,22910,40000,0.5745,20,1
c3,A,6,0.386375,honest-dominant,0.21530939603138693,75.34682956385538,71.34682956385538,0,766,15455,40000,0.383,20,1
c3,A,7,0.29735,honest-dominant,0.10497821707079598,181.92003476043024,177.92003476043024,0,941,11894,40000,0.4705,20,1
c3,A,8,1.0,honest-dominant,0.07112738405741877,389.215753422146,385.215753422146,0,2000,40000,40000,1.0,20,1
c3,A,9,0.0,abstention,0.699928582359657,4.0,0.0,1,0,0,40000,0.0,20,0
c3,A,10,0.609875,honest-dominant,0.20504281699083365,80.90541957096181,76.90541957096181,0,1242,24395,40000,0.621,20,1
c3,A,11,0.556575,honest-dominant,0.13094028621931972,148.863719902616,144.863719902616,0,1110,22263,40000,0.555,20,1
c3,A,12,0.59975,honest-dominant,0.15478271448976427,127.51759083586981,123.51759083586981,0,1196,23990,40000,0.598,20,1
c3,A,13,0.55935,honest-dominant,0.12485997871952444,178.97905382365582,174.97905382365582,0,1133,22374,40000,0.5665,20,1
c3,A,14,0.523825,honest-dominant,0.09640387686563648,202.063031714004,198.063031714004,0,1046,20953,40000,0.523,20,1
c3,A,15,0.2453,honest-dominant,0.15643192464316952,87.14954637710852,83.14954637710852,0,507,9812,40000,0.2535,20,1
c3,A,16,0.96695,honest-dominant,0.1387380433544088,104.53247437543067,100.53247437543067,0,1873,38678,40000,0.9365,20,1
c3,A,17,0.432275,honest-dominant,0.1783668811345018,114.31124879374482,110.31124879374482,0,882,17291,40000,0.441,20,1
c3,A,18,0.52085,honest-dominant,0.11231793817436406,186.0586984566576,182.0586984566576,0,1012,20834,40000,0.506,20,1
c3,A,19,1.0,honest-dominant,0.12301386968222158,180.61610537904673,176.61610537904673,0,2000,40000,40000,1.0,20,1
c3,A,20,0.710625,honest-dominant,0.15004739154966487,133.63085155316136,129.63085155316136,0,1386,28425,40000,0.693,20,1
c3,A,21,0.508625,honest-dominant,0.10108373487388347,195.11357836552207,191.11357836552207,0,1011,20345,40000,0.5055,20,1
c3,A,22,0.50355,honest-dominant,0.17740831075256516,64.10203784577708,60.102037845777076,0,1044,20142,40000,0.522,20,1
c3,A,23,0.52395,honest-dominant,0.16185298672983858,78.28776201448537,74.28776201448537,0,1261,20958,40000,0.6305,20,1
c3,A,24,0.8214,honest-dominant,0.13347751170545175,168.444084701818,164.444084701818,0,1642,32856,40000,0.821,20,1
c3,A,25,0.292575,honest-dominant,0.21297817670411914,61.612058648903094,57.612058648903094,0,611,11703,40000,0.3055,20,1
c3,A,26,0.31325,honest-dominant,0.22515820060785313,45.47890826195912,41.47890826195912,0,620,12530,40000,0.31,20,1
c3,A,27,0.925525,honest-dominant,0.07525120504424085,347.7292456944181,343.7292456944181,0,1747,37021,40000,0.8735,20,1
c3,A,28,0.9996,honest-dominant,0.13559748274432853,110.39992720973925,106.39992720973925,0,1999,39984,40000,0.9995,20,1
c3,A,29,0.9772,honest-dominant,0.11986744308176116,258.36841107045734,254.36841107045734,0,1987,39088,40000,0.9935,20,1
c3,B,0,1.0,honest-dominant,0.16681402229345474,120.6460160712696,116.6460160712696,0,2000,40000,40000,1.0,20,1
c3,B,1,1.0,honest-dominant,0.12501952753651255,170.7005579411489,166.7005579411489,0,2000,40000,40000,1.0,20,1
c3,B,2,0.894525,honest-dominant,0.09347344292859674,339.5030547561799,335.5030547561799,0,1778,35781,40000,0.889,20,1
c3,B,3,1.0,honest-dominant,0.08821727973954951,384.66922770260487,380.66922770260487,0,2000,40000,40000,1.0,20,1
c3,B,4,1.0,honest-dominant,0.08912979735384505,384.467376340509,380.467376340509,0,2000,40000,40000,1.0,20,1
c3,B,5,1.0,honest-dominant,0.13447436271210234,116.05285710408981,112.05285710408981,0,2000,40000,40000,1.0,20,1
c3,B,6,1.0,honest-dominant,0.1481215505662785,167.87767448917756,163.87767448917756,0,2000,40000,40000,1.0,20,1
c3,B,7,0.999975,honest-dominant,0.07112738405741877,389.215753422146,385.215753422146,0,2000,39999,40000,1.0,20,1
c3,B,8,1.0,honest-dominant,0.11408488246848474,257.6644358970049,253.66443589700492,0,2000,40000,40000,1.0,20,1
c3,B,9,1.0,honest-dominant,0.12154670234043355,253.06570699347543,249.06570699347543,0,2000,40000,40000,1.0,20,1
c3,B,10,1.0,honest-dominant,0.1355744205177623,110.4194321855415,106.4194321855415,0,2000,40000,40000,1.0,20,1
c3,B,11,0.999975,honest-dominant,0.15927654346162812,118.74200173437718,114.74200173437718,0,2000,39999,40000,1.0,20,1
c3,B,12,1.0,honest-dominant,0.07599840017882584,375.6551608277845,371.6551608277845,0,2000,40000,40000,1.0,20,1
c3,B,13,1.0,honest-dominant,0.1355744205177623,110.4194321855415,106.4194321855415,0,2000,40000,40000,1.0,20,1
c3,B,14,1.0,honest-dominant,0.12102956491609088,213.08732241892451,209.08732241892451,0,2000,40000,40000,1.0,20,1
c3,B,15,1.0,honest-dominant,0.16506695651595688,134.1299135570982,130.1299135570982,0,2000,40000,40000,1.0,20,1
c3,B,16,1.0,honest-dominant,0.10340151641299629,341.9676193659452,337.9676193659452,0,2000,40000,40000,1.0,20,1
c3,B,17,1.0,honest-dominant,0.07112738405741877,389.215753422146,385.215753422146,0,2000,40000,40000,1.0,20,1
c3,B,18,1.0,honest-dominant,0.0890433675034091,385.7912138738689,381.7912138738689,0,2000,40000,40000,1.0,20,1
c3,B,19,1.0,honest-dominant,0.139173689860894,135.1863303435447,131.1863303435447,0,2000,40000,40000,1.0,20,1
c3,B,20,1.0,honest-dominant,0.12237424159614252,211.17283248719528,207.17283248719528,0,2000,40000,40000,1.0,20,1
c3,B,21,0.65385,honest-dominant,0.09007372623166607,252.45192891624976,248.45192891624976,0,1234,26154,40000,0.617,20,1
c3,B,22,1.0,honest-dominant,0.1431192929648927,113.57334339167092,109.57334339167092,0,2000,40000,40000,1.0,20,1
c3,B,23,1.0,honest-dominant,0.1029197445751725,353.38380525174654,349.38380525174654,0,2000,40000,40000,1.0,20,1
c3,B,24,0.0,abstention,0.699928582359657,4.0,0.0,1,0,0,40000,0.0,20,0
c3,B,25,1.0,honest-dominant,0.1434287002516475,111.33762886964774,107.33762886964774,0,2000,40000,40000,1.0,20,1
c3,B,26,1.0,honest-dominant,0.07112738405741877,389.215753422146,385.215753422146,0,2000,40000,40000,1.0,20,1
c3,B,27,1.0,honest-dominant,0.1355744205177623,110.4194321855415,106.4194321855415,0,2000,40000,40000,1.0,20,1
c3,B,28,1.0,honest-dominant,0.08375482067392355,388.3389694649366,384.3389694649366,0,2000,40000,40000,1.0,20,1
c3,B,29,0.0,abstention,0.699928582359657,4.0,0.0,1,0,0,40000,0.0,20,0
c4,A,0,0.999925,honest-dominant,0.1355744205177623,110.4194321855415,106.4194321855415,0,2000,39997,40000,1.0,20,1
c4,A,1,0.4439,honest-dominant,0.1943174497137662,55.64926906790494,51.64926906790494,0,891,17756,40000,0.4455,20,1
c4,A,2,1.0,honest-dominant,0.1355744205177623,110.4194321855415,106.4194321855415,0,2000,40000,40000,1.0,20,1
c4,A,3,0.99935,honest-dominant,0.08231275374564273,339.6366803473168,335.6366803473168,0,2000,39974,40000,1.0,20,1
c4,A,4,0.085775,honest-dominant,0.36302352561909335,17.617822509263334,13.617822509263334,0,175,3431,40000,0.0875,20,1
c4,A,5,0.9948,honest-dominant,0.10796411456969393,316.75021911376047,312.75021911376047,0,2000,39792,40000,1.0,20,1
c4,A,6,0.996275,honest-dominant,0.10354341036422747,311.4592108226029,307.4592108226029,0,2000,39851,40000,1.0,20,1
c4,A,7,0.992275,honest-dominant,0.11990017408414247,211.4161172149685,207.4161172149685,0,1999,39691,40000,0.9995,20,1
c4,A,8,0.3947,honest-dominant,0.16901594990362284,123.37920978463997,119.37920978463997,0,804,15788,40000,0.402,20,1
c4,A,9,0.8001,honest-dominant,0.08826682879452943,285.5203877882281,281.5203877882281,0,1589,32004,40000,0.7945,20,1
c4,B,0,0.95995,honest-dominant,0.13819168206754529,114.00630542399841,110.00630542399841,0,1921,38398,40000,0.9605,20,1
c4,B,1,1.0,honest-dominant,0.1355744205177623,110.4194321855415,106.4194321855415,0,2000,40000,40000,1.0,20,1
c4,B,2,1.0,honest-dominant,0.12739457836598497,172.55616805116927,168.55616805116927,0,2000,40000,40000,1.0,20,1
c4,B,3,1.0,honest-dominant,0.10038244418840477,361.08857490443745,357.08857490443745,0,2000,40000,40000,1.0,20,1
c4,B,4,0.991325,honest-dominant,0.13820158366030538,110.74342281041616,106.74342281041616,0,1958,39653,40000,0.979,20,1
c4,B,5,1.0,honest-dominant,0.11634013649128397,276.5489124415158,272.5489124415158,0,2000,40000,40000,1.0,20,1
c4,B,6,1.0,honest-dominant,0.12226037480836686,242.24926671627807,238.24926671627807,0,2000,40000,40000,1.0,20,1
c4,B,7,1.0,honest-dominant,0.07904703015072007,386.1966591429817,382.1966591429817,0,2000,40000,40000,1.0,20,1
c4,B,8,1.0,honest-dominant,0.07944864072118007,387.604290328175,383.604290328175,0,2000,40000,40000,1.0,20,1
c4,B,9,1.0,honest-dominant,0.1355744205177623,110.4194321855415,106.4194321855415,0,2000,40000,40000,1.0,20,1
c5,A,0,0.154,honest-dominant,0.24016415109195838,50.62454306055705,46.62454306055705,0,282,6160,40000,0.141,20,1
c5,A,1,1.0,adversarial-dominant,0.23499759097055936,35.11120130175909,31.11120130175909,0,159,40000,40000,0.0795,20,1
c5,A,2,0.54675,honest-dominant,0.1916983546307948,57.296605371988576,53.296605371988576,0,1108,21870,40000,0.554,20,1
c5,A,3,1.0,honest-dominant,0.09606987941491589,331.716730700094,327.716730700094,0,2000,40000,40000,1.0,20,1
c5,A,4,0.0,abstention,0.699928582359657,4.0,0.0,1,0,0,40000,0.0,20,0
c5,A,5,0.162925,honest-dominant,0.18090087001735605,64.18994420164442,60.18994420164442,0,329,6517,40000,0.1645,20,1
c5,A,6,1.0,honest-dominant,0.10473935786173441,308.52983239101457,304.52983239101457,0,2000,40000,40000,1.0,20,1
c5,A,7,0.0,abstention,0.699928582359657,4.0,0.0,1,0,0,40000,0.0,20,0
c5,A,8,0.2375,honest-dominant,0.2599675995175959,49.584999921980604,45.584999921980604,0,482,9500,40000,0.241,20,1
c5,A,9,0.11175,honest-dominant,0.3152546141449232,31.697435025867712,27.697435025867712,0,229,4470,40000,0.1145,20,1
c5,B,0,1.0,honest-dominant,0.1441557285392352,170.23889532956176,166.23889532956176,0,2000,40000,40000,1.0,20,1
c5,B,1,1.0,honest-dominant,0.16289244986161616,139.4786602921341,135.4786602921341,0,2000,40000,40000,1.0,20,1
c5,B,2,1.0,honest-dominant,0.13526561446420976,186.69939162889497,182.69939162889497,0,2000,40000,40000,1.0,20,1
c5,B,3,0.0,abstention,0.699928582359657,4.0,0.0,1,0,0,40000,0.0,20,0
c5,B,4,1.0,honest-dominant,0.1355744205177623,110.4194321855415,106.4194321855415,0,2000,40000,40000,1.0,20,1
c5,B,5,0.0,abstention,0.699928582359657,4.0,0.0,1,0,0,40000,0.0,20,0
c5,B,6,1.0,honest-dominant,0.1355744205177623,110.4194321855415,106.4194321855415,0,2000,40000,40000,1.0,20,1
c5,B,7,1.0,honest-dominant,0.07265446634627928,383.0340041081392,379.0340041081392,0,2000,40000,40000,1.0,20,1
c5,B,8,1.0,honest-dominant,0.0887714807887525,385.6715661112494,381.6715661112494,0,2000,40000,40000,1.0,20,1
c5,B,9,1.0,honest-dominant,0.1001662042035878,364.4531184135143,360.4531184135143,0,2000,40000,40000,1.0,20,1
c6,A,0,0.994625,honest-dominant,0.07141129315198652,387.54296712084687,383.54296712084687,0,1995,39785,40000,0.9975,20,1
c6,A,1,0.865375,adversarial-dominant,0.35824080527964924,23.56504839876346,19.56504839876346,0,167,34615,40000,0.0835,20,1
c6,A,2,0.78125,honest-dominant,0.07861032987148993,297.93483697829294,293.93483697829294,0,1582,31250,40000,0.791,20,1
c6,A,3,1.0,adversarial-dominant,0.3936561313084978,13.99796569245875,9.99796569245875,0,159,40000,40000,0.0795,20,1
c6,A,4,0.0,abstention,0.699928582359657,4.0,0.0,1,0,0,40000,0.0,20,0
c6,A,5,0.0,abstention,0.699928582359657,4.0,0.0,1,0,0,40000,0.0,20,0
c6,A,6,0.48845,honest-dominant,0.10075018547479635,187.57617829948353,183.57617829948353,0,989,19538,40000,0.4945,20,1
c6,A,7,0.204925,honest-dominant,0.1715166621543817,68.19148947914577,64.19148947914577,0,432,8197,40000,0.216,20,1
c6,A,8,0.0,abstention,0.699928582359657,4.0,0.0,1,0,0,40000,0.0,20,0
c6,A,9,0.4601,honest-dominant,0.19073200053924722,56.55848213534318,52.55848213534318,0,953,18404,40000,0.4765,20,1
c6,A,10,0.110025,honest-dominant,0.23303418235792597,41.33220305157569,37.33220305157569,0,198,4401,40000,0.099,20,1
c6,A,11,0.0,abstention,0.699928582359657,4.0,0.0,1,0,0,40000,0.0,20,0
c6,A,12,1.0,honest-dominant,0.07224639742319414,382.3924645368791,378.3924645368791,0,2000,40000,40000,1.0,20,1
c6,A,13,0.452125,honest-dominant,0.1126044680456324,161.20871516462526,157.20871516462526,0,898,18085,40000,0.449,20,1
c6,A,14,0.9576,honest-dominant,0.07274770871356659,370.16219554879206,366.16219554879206,0,1909,38304,40000,0.9545,20,1
c6,A,15,0.998475,honest-dominant,0.1355744205177623,110.4194321855415,106.4194321855415,0,2000,39939,40000,1.0,20,1
c6,A,16,0.0,abstention,0.699928582359657,4.0,0.0,1,0,0,40000,0.0,20,0
c6,A,17,0.10845,honest-dominant,0.34656867818596543,18.399442268939154,14.399442268939154,0,234,4338,40000,0.117,20,1
c6,A,18,0.0,abstention,0.699928582359657,4.0,0.0,1,0,0,40000,0.0,20,0
c6,A,19,0.0,abstention,0.699928582359657,4.0,0.0,1,0,0,40000,0.0,20,0
c6,A,20,0.0,abstention,0.699928582359657,4.0,0.0,1,0,0,40000,0.0,20,0
c6,A,21,0.0,abstention,0.699928582359657,4.0,0.0,1,0,0,40000,0.0,20,0
c6,A,22,0.07155,honest-dominant,0.3605937905776618,18.118392121067412,14.118392121067412,0,111,2862,40000,0.0555,20,1
c6,A,23,1.0,adversarial-dominant,0.3370588463148578,27.736810012669764,23.736810012669764,0,159,40000,40000,0.0795,20,1
c6,A,24,0.21875,honest-dominant,0.23599309046718578,34.79192738851188,30.79192738851188,0,364,8750,40000,0.182,20,1
c6,A,25,0.0367,honest-dominant,0.44478977708472256,11.408040903568702,7.408040903568702,0,67,1468,40000,0.0335,20,1
c6,A,26,0.1317,honest-dominant,0.3541600989958364,20.697319471587257,16.697319471587257,0,272,5268,40000,0.136,20,1
c6,A,27,0.0,abstention,0.699928582359657,4.0,0.0,1,0,0,40000,0.0,20,0
c6,A,28,0.0,abstention,0.699928582359657,4.0,0.0,1,0,0,40000,0.0,20,0
c6,A,29,0.0,abstention,0.699928582359657,4.0,0.0,1,0,0,40000,0.0,20,0
c6,B,0,1.0,honest-dominant,0.07112738405741877,389.215753422146,385.215753422146,0,2000,40000,40000,1.0,20,1
c6,B,1,1.0,honest-dominant,0.07112738405741877,389.215753422146,385.215753422146,0,2000,40000,40000,1.0,20,1
c6,B,2,1.0,honest-dominant,0.13355249210673062,124.25977334417064,120.25977334417064,0,2000,40000,40000,1.0,20,1
c6,B,3,1.0,honest-dominant,0.11466919506547135,262.06009478164685,258.06009478164685,0,2000,40000,40000,1.0,20,1
c6,B,4,1.0,honest-dominant,0.07122179996282292,389.06345778825556,385.06345778825556,0,2000,40000,40000,1.0,20,1
c6,B,5,1.0,honest-dominant,0.07112738405741877,389.215753422146,385.215753422146,0,2000,40000,40000,1.0,20,1
c6,B,6,1.0,honest-dominant,0.16318994359807537,117.23299744864653,113.23299744864653,0,2000,40000,40000,1.0,20,1
c6,B,7,1.0,honest-dominant,0.16207829005295604,115.64849401271174,111.64849401271174,0,2000,40000,40000,1.0,20,1
c6,B,8,0.937875,honest-dominant,0.13558816467123247,113.18885677558364,109.18885677558364,0,1869,37515,40000,0.9345,20,1
c6,B,9,1.0,honest-dominant,0.08657857955169389,315.65930168063824,311.65930168063824,0,2000,40000,40000,1.0,20,1
c6,B,10,1.0,honest-dominant,0.07112738405741877,389.215753422146,385.215753422146,0,2000,40000,40000,1.0,20,1
c6,B,11,1.0,honest-dominant,0.10761662178021407,320.993469092824,316.993469092824,0,2000,40000,40000,1.0,20,1
c6,B,12,1.0,honest-dominant,0.13306772203147618,121.01572882672103,117.01572882672103,0,2000,40000,40000,1.0,20,1
c6,B,13,0.0,abstention,0.699928582359657,4.0,0.0,1,0,0,40000,0.0,20,0
c6,B,14,1.0,honest-dominant,0.11118405727143484,286.5419950639075,282.5419950639075,0,2000,40000,40000,1.0,20,1
c6,B,15,1.0,honest-dominant,0.1685136338238174,128.17966489427909,124.17966489427909,0,1875,40000,40000,0.9375,20,1
c6,B,16,1.0,honest-dominant,0.0804768514495828,341.84630140522984,337.84630140522984,0,2000,40000,40000,1.0,20,1
c6,B,17,0.97935,honest-dominant,0.07075582913274447,386.14283762643805,382.14283762643805,0,1973,39174,40000,0.9865,20,1
c6,B,18,1.0,honest-dominant,0.11061174809084169,275.029436280034,271.029436280034,0,2000,40000,40000,1.0,20,1
c6,B,19,1.0,honest-dominant,0.11103556770874952,303.10314097988794,299.10314097988794,0,2000,40000,40000,1.0,20,1
c6,B,20,1.0,honest-dominant,0.10942694971554914,303.26114622965855,299.26114622965855,0,2000,40000,40000,1.0,20,1
c6,B,21,0.0,abstention,0.699928582359657,4.0,0.0,1,0,0,40000,0.0,20,0
c6,B,22,1.0,honest-dominant,0.09115598141847421,383.6250471151225,379.6250471151225,0,2000,40000,40000,1.0,20,1
c6,B,23,0.0,abstention,0.699928582359657,4.0,0.0,1,0,0,40000,0.0,20,0
c6,B,24,1.0,honest-dominant,0.07112738405741877,389.215753422146,385.215753422146,0,2000,40000,40000,1.0,20,1
c6,B,25,0.0,abstention,0.699928582359657,4.0,0.0,1,0,0,40000,0.0,20,0
c6,B,26,1.0,honest-dominant,0.1651579557891924,133.69611630032114,129.69611630032114,0,2000,40000,40000,1.0,20,1
c6,B,27,1.0,honest-dominant,0.11764824674627469,234.24653544883066,230.24653544883066,0,2000,40000,40000,1.0,20,1
c6,B,28,0.0,abstention,0.699928582359657,4.0,0.0,1,0,0,40000,0.0,20,0
c6,B,29,1.0,honest-dominant,0.1605456597124973,114.90782756138671,110.90782756138671,0,2000,40000,40000,1.0,20,1
c7,A,0,0.0,abstention,0.699928582359657,4.0,0.0,1,0,0,40000,0.0,20,0
c7,A,1,0.960375,honest-dominant,0.07337398069337282,382.7427063870099,378.7427063870099,0,1954,38415,40000,0.977,20,1
c7,A,2,0.38845,adversarial-dominant,0.4662271814323832,11.806130778633298,7.806130778633298,0,73,15538,40000,0.0365,20,1
c7,A,3,0.0,abstention,0.699928582359657,4.0,0.0,1,0,0,40000,0.0,20,0
c7,A,4,0.0,abstention,0.699928582359657,4.0,0.0,1,0,0,40000,0.0,20,0
c7,A,5,0.0,abstention,0.699928582359657,4.0,0.0,1,0,0,40000,0.0,20,0
c7,A,6,0.0,abstention,0.699928582359657,4.0,0.0,1,0,0,40000,0.0,20,0
c7,A,7,0.0,abstention,0.699928582359657,4.0,0.0,1,0,0,40000,0.0,20,0
c7,A,8,0.0,abstention,0.699928582359657,4.0,0.0,1,0,0,40000,0.0,20,0
c7,A,9,0.0,abstention,0.699928582359657,4.0,0.0,1,0,0,40000,0.0,20,0
c7,A,10,0.0,abstention,0.699928582359657,4.0,0.0,1,0,0,40000,0.0,20,0
c7,A,11,0.0,abstention,0.699928582359657,4.0,0.0,1,0,0,40000,0.0,20,0
c7,A,12,0.05455,honest-dominant,0.46563471193937966,11.416489648395686,7.416489648395686,0,105,2182,40000,0.0525,20,1
c7,A,13,0.0,abstention,0.699928582359657,4.0,0.0,1,0,0,40000,0.0,20,0
c7,A,14,0.62715,honest-dominant,0.16854014096617984,79.3559155400082,75.3559155400082,0,1264,25086,40000,0.632,20,1
c7,A,15,0.8305,honest-dominant,0.1419344021089044,100.79467263272842,96.79467263272842,0,1656,33220,40000,0.828,20,1
c7,A,16,0.06275,mixed,0.36053347000884567,17.06850088593177,13.068500885931769,0,142,2510,40000,0.071,20,1
c7,A,17,0.0,abstention,0.699928582359657,4.0,0.0,1,0,0,40000,0.0,20,0
c7,A,18,0.0,abstention,0.699928582359657,4.0,0.0,1,0,0,40000,0.0,20,0
c7,A,19,0.0,abstention,0.699928582359657,4.0,0.0,1,0,0,40000,0.0,20,0
c7,A,20,0.0,abstention,0.699928582359657,4.0,0.0,1,0,0,40000,0.0,20,0
c7,A,21,0.1434,honest-dominant,0.20134164505493013,68.18609647216469,64.18609647216469,0,389,5736,40000,0.1945,20,1
c7,A,22,0.0,abstention,0.699928582359657,4.0,0.0,1,0,0,40000,0.0,20,0
c7,A,23,0.044675,honest-dominant,0.4354326280684483,12.716490049901369,8.716490049901369,0,76,1787,40000,0.038,20,1
c7,A,24,0.0,abstention,0.699928582359657,4.0,0.0,1,0,0,40000,0.0,20,0
c7,A,25,0.4478,honest-dominant,0.16927561135458546,73.66004400853838,69.66004400853838,0,863,17912,40000,0.4315,20,1
c7,A,26,0.42135,honest-dominant,0.18143012811320905,68.4971233848041,64.4971233848041,0,839,16854,40000,0.4195,20,1
c7,A,27,0.0,abstention,0.699928582359657,4.0,0.0,1,0,0,40000,0.0,20,0
c7,A,28,0.0,abstention,0.699928582359657,4.0,0.0,1,0,0,40000,0.0,20,0
c7,A,29,1.0,adversarial-dominant,0.16952140921606546,35.03880360995178,31.038803609951778,0,159,40000,40000,0.0795,20,1
c7,B,0,1.0,honest-dominant,0.07125316489086196,389.17469228883175,385.17469228883175,0,2000,40000,40000,1.0,20,1
c7,B,1,1.0,honest-dominant,0.07112738405741877,389.215753422146,385.215753422146,0,2000,40000,40000,1.0,20,1
c7,B,2,0.0,abstention,0.699928582359657,4.0,0.0,1,0,0,40000,0.0,20,0
c7,B,3,0.998925,honest-dominant,0.13507526379145532,112.88903752001073,108.88903752001073,0,1998,39957,40000,0.999,20,1
c7,B,4,1.0,honest-dominant,0.15573900495707954,151.6610502608026,147.6610502608026,0,2000,40000,40000,1.0,20,1
c7,B,5,0.9967,honest-dominant,0.13543726895971359,111.31699393217767,107.31699393217767,0,1989,39868,40000,0.9945,20,1
c7,B,6,1.0,honest-dominant,0.10865955332606866,308.4884700573354,304.4884700573354,0,2000,40000,40000,1.0,20,1
c7,B,7,0.950075,honest-dominant,0.1703093674050647,122.28529753281713,118.28529753281713,0,1908,38003,40000,0.954,20,1
c7,B,8,1.0,honest-dominant,0.1355744205177623,110.4194321855415,106.4194321855415,0,2000,40000,40000,1.0,20,1
c7,B,9,1.0,honest-dominant,0.07112738405741877,389.215753422146,385.215753422146,0,2000,40000,40000,1.0,20,1
c7,B,10,0.951425,honest-dominant,0.07505398562120107,360.9292136990477,356.9292136990477,0,1920,38057,40000,0.96,20,1
c7,B,11,1.0,honest-dominant,0.14008381125750874,132.443331416503,128.443331416503,0,2000,40000,40000,1.0,20,1
c7,B,12,1.0,honest-dominant,0.13236450607602476,169.37155736741124,165.37155736741124,0,2000,40000,40000,1.0,20,1
c7,B,13,0.0,abstention,0.699928582359657,4.0,0.0,1,0,0,40000,0.0,20,0
c7,B,14,1.0,honest-dominant,0.07112738405741877,389.215753422146,385.215753422146,0,2000,40000,40000,1.0,20,1
c7,B,15,1.0,honest-dominant,0.11356379545994741,242.76102455843127,238.76102455843127,0,2000,40000,40000,1.0,20,1
c7,B,16,1.0,honest-dominant,0.09453079933046953,370.198885188192,366.198885188192,0,2000,40000,40000,1.0,20,1
c7,B,17,0.99955,honest-dominant,0.12317873192143225,175.75146931803218,171.75146931803218,0,2000,39982,40000,1.0,20,1
c7,B,18,1.0,honest-dominant,0.07112738405741877,389.215753422146,385.215753422146,0,2000,40000,40000,1.0,20,1
c7,B,19,0.0,abstention,0.699928582359657,4.0,0.0,1,0,0,40000,0.0,20,0
c7,B,20,1.0,honest-dominant,0.14664807815562614,157.09000306806098,153.09000306806098,0,2000,40000,40000,1.0,20,1
c7,B,21,0.9999,honest-dominant,0.07112738405741877,389.215753422146,385.215753422146,0,2000,39996,40000,1.0,20,1
c7,B,22,0.9813,honest-dominant,0.13376181863347525,110.81797679386028,106.81797679386028,0,1951,39252,40000,0.9755,20,1
c7,B,23,1.0,honest-dominant,0.08979717766844938,385.15694636604695,381.15694636604695,0,2000,40000,40000,1.0,20,1
c7,B,24,1.0,honest-dominant,0.07112738405741877,389.215753422146,385.215753422146,0,2000,40000,40000,1.0,20,1
c7,B,25,1.0,honest-dominant,0.13102643994576893,190.64870719634007,186.64870719634007,0,2000,40000,40000,1.0,20,1
c7,B,26,1.0,honest-dominant,0.10521456859537714,338.8737547534331,334.8737547534331,0,2000,40000,40000,1.0,20,1
c7,B,27,1.0,honest-dominant,0.07112738405741877,389.215753422146,385.215753422146,0,2000,40000,40000,1.0,20,1
c7,B,28,0.0,abstention,0.699928582359657,4.0,0.0,1,0,0,40000,0.0,20,0
c7,B,29,1.0,honest-dominant,0.07112738405741877,389.215753422146,385.215753422146,0,2000,40000,40000,1.0,20,1
c8,A,0,0.0,abstention,0.699928582359657,4.0,0.0,1,0,0,40000,0.0,20,0
c8,A,1,0.0,abstention,0.699928582359657,4.0,0.0,1,0,0,40000,0.0,20,0
c8,A,2,0.0,abstention,0.699928582359657,4.0,0.0,1,0,0,40000,0.0,20,0
c8,A,3,0.0,abstention,0.699928582359657,4.0,0.0,1,0,0,40000,0.0,20,0
c8,A,4,0.0,abstention,0.699928582359657,4.0,0.0,1,0,0,40000,0.0,20,0
c8,A,5,1.0,honest-dominant,0.0864688369752652,384.58434447754996,380.58434447754996,0,2000,40000,40000,1.0,20,1
c8,A,6,0.0,abstention,0.699928582359657,4.0,0.0,1,0,0,40000,0.0,20,0
c8,A,7,0.985025,honest-dominant,0.0726089730230026,378.23871438681954,374.23871438681954,0,1972,39401,40000,0.986,20,1
c8,A,8,0.0,abstention,0.699928582359657,4.0,0.0,1,0,0,40000,0.0,20,0
c8,A,9,0.0,abstention,0.699928582359657,4.0,0.0,1,0,0,40000,0.0,20,0
c8,A,10,0.17625,honest-dominant,0.21902108588883068,40.81176566887094,36.81176566887094,0,336,7050,40000,0.168,20,1
c8,A,11,0.0,abstention,0.699928582359657,4.0,0.0,1,0,0,40000,0.0,20,0
c8,A,12,0.04855,honest-dominant,0.3780089333792632,16.47250722067462,12.472507220674618,0,93,1942,40000,0.0465,20,1
c8,A,13,0.0,abstention,0.699928582359657,4.0,0.0,1,0,0,40000,0.0,20,0
c8,A,14,0.0,abstention,0.699928582359657,4.0,0.0,1,0,0,40000,0.0,20,0
c8,A,15,0.0,abstention,0.699928582359657,4.0,0.0,1,0,0,40000,0.0,20,0
c8,A,16,0.0,abstention,0.699928582359657,4.0,0.0,1,0,0,40000,0.0,20,0
c8,A,17,0.0,abstention,0.699928582359657,4.0,0.0,1,0,0,40000,0.0,20,0
c8,A,18,0.0,abstention,0.699928582359657,4.0,0.0,1,0,0,40000,0.0,20,0
c8,A,19,1.0,honest-dominant,0.07112738405741877,389.215753422146,385.215753422146,0,2000,40000,40000,1.0,20,1
c8,A,20,1.0,adversarial-dominant,0.16952140921606546,35.03880360995178,31.038803609951778,0,159,40000,40000,0.0795,20,1
c8,A,21,0.091325,honest-dominant,0.317520900987987,22.34387734572779,18.34387734572779,0,190,3653,40000,0.095,20,1
c8,A,22,0.124525,honest-dominant,0.30722943926576085,24.234987024377972,20.234987024377972,0,243,4981,40000,0.1215,20,1
c8,A,23,0.0,abstention,0.699928582359657,4.0,0.0,1,0,0,40000,0.0,20,0
c8,A,24,0.11075,honest-dominant,0.31201413815308354,22.74384747044284,18.74384747044284,0,164,4430,40000,0.082,20,1
c8,A,25,0.14435,honest-dominant,0.2744782352216273,41.1690746261012,37.1690746261012,0,266,5774,40000,0.133,20,1
c8,A,26,0.0,abstention,0.699928582359657,4.0,0.0,1,0,0,40000,0.0,20,0
c8,A,27,0.099825,honest-dominant,0.3274861226374865,28.572551095873298,24.572551095873298,0,235,3993,40000,0.1175,20,1
c8,A,28,0.0,abstention,0.699928582359657,4.0,0.0,1,0,0,40000,0.0,20,0
c8,A,29,0.0,abstention,0.699928582359657,4.0,0.0,1,0,0,40000,0.0,20,0
c8,B,0,0.0,abstention,0.699928582359657,4.0,0.0,1,0,0,40000,0.0,20,0
c8,B,1,0.985775,honest-dominant,0.07197301727238935,383.4259580146408,379.4259580146408,0,1973,39431,40000,0.9865,20,1
c8,B,2,1.0,honest-dominant,0.15847590441635268,147.50037363123516,143.50037363123516,0,2000,40000,40000,1.0,20,1
c8,B,3,1.0,honest-dominant,0.072620019988269,387.9430235569163,383.9430235569163,0,2000,40000,40000,1.0,20,1
c8,B,4,0.0,abstention,0.699928582359657,4.0,0.0,1,0,0,40000,0.0,20,0
c8,B,5,0.0,abstention,0.699928582359657,4.0,0.0,1,0,0,40000,0.0,20,0
c8,B,6,0.0,abstention,0.699928582359657,4.0,0.0,1,0,0,40000,0.0,20,0
c8,B,7,1.0,honest-dominant,0.10760180790971566,321.0790577597701,317.0790577597701,0,2000,40000,40000,1.0,20,1
c8,B,8,0.999975,honest-dominant,0.1366993729511658,110.51193494061157,106.51193494061157,0,2000,39999,40000,1.0,20,1
c8,B,9,1.0,honest-dominant,0.0730602732554157,388.2341530099901,384.2341530099901,0,2000,40000,40000,1.0,20,1
c8,B,10,1.0,honest-dominant,0.1427402591785028,172.8048733849797,168.8048733849797,0,2000,40000,40000,1.0,20,1
c8,B,11,1.0,honest-dominant,0.07112738405741877,389.215753422146,385.215753422146,0,2000,40000,40000,1.0,20,1
c8,B,12,1.0,honest-dominant,0.09418319148825165,373.8270477038231,369.8270477038231,0,2000,40000,40000,1.0,20,1
c8,B,13,1.0,honest-dominant,0.1587110637887909,114.27741893889208,110.27741893889208,0,2000,40000,40000,1.0,20,1
c8,B,14,1.0,honest-dominant,0.10144887425857414,360.0542325911018,356.0542325911018,0,2000,40000,40000,1.0,20,1
c8,B,15,0.89555,honest-dominant,0.07456178649635116,355.9663748434491,351.9663748434491,0,1852,35822,40000,0.926,20,1
c8,B,16,0.995325,honest-dominant,0.16365954719099846,136.55181088259945,132.55181088259945,0,1993,39813,40000,0.9965,20,1
c8,B,17,1.0,honest-dominant,0.09906384500044416,363.533666535511,359.533666535511,0,2000,40000,40000,1.0,20,1
c8,B,18,1.0,honest-dominant,0.09467728741113636,378.9467545400263,374.9467545400263,0,2000,40000,40000,1.0,20,1
c8,B,19,1.0,honest-dominant,0.07112738405741877,389.215753422146,385.215753422146,0,2000,40000,40000,1.0,20,1
c8,B,20,1.0,honest-dominant,0.13503410866108764,143.85838214127284,139.85838214127284,0,2000,40000,40000,1.0,20,1
c8,B,21,0.0,abstention,0.699928582359657,4.0,0.0,1,0,0,40000,0.0,20,0
c8,B,22,0.9985,honest-dominant,0.09299171790067289,369.47306461073873,365.47306461073873,0,2000,39940,40000,1.0,20,1
c8,B,23,0.0,abstention,0.699928582359657,4.0,0.0,1,0,0,40000,0.0,20,0
c8,B,24,1.0,honest-dominant,0.1355744205177623,110.4194321855415,106.4194321855415,0,2000,40000,40000,1.0,20,1
c8,B,25,1.0,honest-dominant,0.11317183328213494,262.9766606078649,258.9766606078649,0,2000,40000,40000,1.0,20,1
c8,B,26,1.0,honest-dominant,0.08731907274528838,342.6721362446509,338.6721362446509,0,2000,40000,40000,1.0,20,1
c8,B,27,1.0,honest-dominant,0.13389761891452098,187.97039714845295,183.97039714845295,0,2000,40000,40000,1.0,20,1
c8,B,28,0.999975,honest-dominant,0.15472333924358192,153.51574559898788,149.51574559898788,0,2000,39999,40000,1.0,20,1
c8,B,29,0.99755,honest-dominant,0.16014606409340576,113.28571287683761,109.28571287683761,0,1993,39902,40000,0.9965,20,1
c9,A,0,0.0,abstention,0.699928582359657,4.0,0.0,1,0,0,40000,0.0,20,0
c9,A,1,0.1121,honest-dominant,0.34039684617987354,19.816388014737743,15.816388014737743,0,198,4484,40000,0.099,20,1
c9,A,2,0.0,abstention,0.699928582359657,4.0,0.0,1,0,0,40000,0.0,20,0
c9,A,3,0.07145,honest-dominant,0.32585857845944616,21.870501534568906,17.870501534568906,0,219,2858,40000,0.1095,20,1
c9,A,4,0.0,abstention,0.699928582359657,4.0,0.0,1,0,0,40000,0.0,20,0
c9,A,5,0.0,abstention,0.699928582359657,4.0,0.0,1,0,0,40000,0.0,20,0
c9,A,6,0.0,abstention,0.699928582359657,4.0,0.0,1,0,0,40000,0.0,20,0
c9,A,7,0.0,abstention,0.699928582359657,4.0,0.0,1,0,0,40000,0.0,20,0
c9,A,8,0.0,abstention,0.699928582359657,4.0,0.0,1,0,0,40000,0.0,20,0
c9,A,9,0.0,abstention,0.699928582359657,4.0,0.0,1,0,0,40000,0.0,20,0
c9,A,10,0.0,abstention,0.699928582359657,4.0,0.0,1,0,0,40000,0.0,20,0
c9,A,11,0.9966,honest-dominant,0.08704056453293273,326.2279111449057,322.2279111449057,0,1976,39864,40000,0.988,20,1
c9,A,12,0.0,abstention,0.699928582359657,4.0,0.0,1,0,0,40000,0.0,20,0
c9,A,13,0.106275,honest-dominant,0.35410042780897205,18.0459791870518,14.045979187051799,0,227,4251,40000,0.1135,20,1
c9,A,14,0.0,abstention,0.699928582359657,4.0,0.0,1,0,0,40000,0.0,20,0
c9,A,15,0.0,abstention,0.699928582359657,4.0,0.0,1,0,0,40000,0.0,20,0
c9,A,16,0.0,abstention,0.699928582359657,4.0,0.0,1,0,0,40000,0.0,20,0
c9,A,17,0.0,abstention,0.699928582359657,4.0,0.0,1,0,0,40000,0.0,20,0
c9,A,18,0.0,abstention,0.699928582359657,4.0,0.0,1,0,0,40000,0.0,20,0
c9,A,19,0.723075,honest-dominant,0.08270386138588312,286.41301357010485,282.41301357010485,0,1443,28923,40000,0.7215,20,1
c9,A,20,0.1155,honest-dominant,0.255802227466946,33.72111831198135,29.72111831198135,0,281,4620,40000,0.1405,20,1
c9,A,21,0.0,abstention,0.699928582359657,4.0,0.0,1,0,0,40000,0.0,20,0
c9,A,22,0.0,abstention,0.699928582359657,4.0,0.0,1,0,0,40000,0.0,20,0
c9,A,23,0.0,abstention,0.699928582359657,4.0,0.0,1,0,0,40000,0.0,20,0
c9,A,24,0.0,abstention,0.699928582359657,4.0,0.0,1,0,0,40000,0.0,20,0
c9,A,25,0.0,abstention,0.699928582359657,4.0,0.0,1,0,0,40000,0.0,20,0
c9,A,26,0.070475,honest-dominant,0.3115027227497519,21.494819089900858,17.494819089900858,0,181,2819,40000,0.0905,20,1
c9,A,27,0.0,abstention,0.699928582359657,4.0,0.0,1,0,0,40000,0.0,20,0
c9,A,28,0.0,abstention,0.699928582359657,4.0,0.0,1,0,0,40000,0.0,20,0
c9,A,29,0.0,abstention,0.699928582359657,4.0,0.0,1,0,0,40000,0.0,20,0
c9,B,0,1.0,honest-dominant,0.11198241277000731,278.92724894204775,274.92724894204775,0,2000,40000,40000,1.0,20,1
c9,B,1,0.975275,honest-dominant,0.07241686468224959,378.55016928590686,374.55016928590686,0,1949,39011,40000,0.9745,20,1
c9,B,2,0.99995,honest-dominant,0.13508047984899457,112.34918417480132,108.34918417480132,0,2000,39998,40000,1.0,20,1
c9,B,3,1.0,honest-dominant,0.09185378204143721,293.82044055963985,289.82044055963985,0,2000,40000,40000,1.0,20,1
c9,B,4,0.998125,honest-dominant,0.14176708117829212,151.4433996039161,147.4433996039161,0,1997,39925,40000,0.9985,20,1
c9,B,5,1.0,honest-dominant,0.07112738405741877,389.215753422146,385.215753422146,0,2000,40000,40000,1.0,20,1
c9,B,6,1.0,honest-dominant,0.08505127082032692,387.7442215495206,383.7442215495206,0,2000,40000,40000,1.0,20,1
c9,B,7,1.0,honest-dominant,0.13250577699538352,123.91865469508849,119.91865469508849,0,2000,40000,40000,1.0,20,1
c9,B,8,1.0,honest-dominant,0.12710504769238587,145.69395455310533,141.69395455310533,0,2000,40000,40000,1.0,20,1
c9,B,9,1.0,honest-dominant,0.13846455796702606,180.0265566128639,176.0265566128639,0,2000,40000,40000,1.0,20,1
c9,B,10,0.999925,honest-dominant,0.1355744205177623,110.4194321855415,106.4194321855415,0,2000,39997,40000,1.0,20,1
c9,B,11,0.0,abstention,0.699928582359657,4.0,0.0,1,0,0,40000,0.0,20,0
c9,B,12,1.0,honest-dominant,0.16619050246483755,132.2423843933457,128.2423843933457,0,2000,40000,40000,1.0,20,1
c9,B,13,1.0,honest-dominant,0.13608824852545387,117.60380625469702,113.60380625469702,0,2000,40000,40000,1.0,20,1
c9,B,14,1.0,honest-dominant,0.09363470210879178,288.2112683799773,284.2112683799773,0,2000,40000,40000,1.0,20,1
c9,B,15,1.0,honest-dominant,0.101288507159035,359.7498919425472,355.7498919425472,0,2000,40000,40000,1.0,20,1
c9,B,16,1.0,honest-dominant,0.16327035825913902,116.52910361694877,112.52910361694877,0,2000,40000,40000,1.0,20,1
c9,B,17,0.0,abstention,0.699928582359657,4.0,0.0,1,0,0,40000,0.0,20,0
c9,B,18,0.99975,honest-dominant,0.13427344602122665,188.004006320149,184.004006320149,0,2000,39990,40000,1.0,20,1
c9,B,19,0.0,abstention,0.699928582359657,4.0,0.0,1,0,0,40000,0.0,20,0
c9,B,20,0.999425,honest-dominant,0.0719961100113902,387.3490893862101,383.3490893862101,0,1998,39977,40000,0.999,20,1
c9,B,21,1.0,honest-dominant,0.14592555356246095,169.4335727435314,165.4335727435314,0,2000,40000,40000,1.0,20,1
c9,B,22,1.0,honest-dominant,0.11088166782332891,273.5944249191385,269.5944249191385,0,2000,40000,40000,1.0,20,1
c9,B,23,1.0,honest-dominant,0.07112738405741877,389.215753422146,385.215753422146,0,2000,40000,40000,1.0,20,1
c9,B,24,1.0,honest-dominant,0.0795168866082679,377.3756450835845,373.3756450835845,0,2000,40000,40000,1.0,20,1
c9,B,25,1.0,honest-dominant,0.11460110067622123,253.71983666780417,249.71983666780417,0,2000,40000,40000,1.0,20,1
c9,B,26,0.0,abstention,0.699928582359657,4.0,0.0,1,0,0,40000,0.0,20,0
c9,B,27,1.0,honest-dominant,0.08848828330182332,306.6510066076647,302.6510066076647,0,2000,40000,40000,1.0,20,1
c9,B,28,1.0,honest-dominant,0.15946732265946134,114.33938551600981,110.33938551600981,0,2000,40000,40000,1.0,20,1
c9,B,29,1.0,honest-dominant,0.07112738405741877,389.215753422146,385.215753422146,0,2000,40000,40000,1.0,20,1
c10,A,0,0.0,abstention,0.699928582359657,4.0,0.0,1,0,0,40000,0.0,20,0
c10,A,1,1.0,adversarial-dominant,0.34159152155789624,26.459758717358422,22.459758717358422,0,159,40000,40000,0.0795,20,1
c10,A,2,0.056575,honest-dominant,0.36243042162611044,15.175183279181372,11.175183279181372,0,106,2263,40000,0.053,20,1
c10,A,3,0.0,abstention,0.699928582359657,4.0,0.0,1,0,0,40000,0.0,20,0
c10,A,4,1.0,adversarial-dominant,0.3680591028734324,13.53228425831297,9.53228425831297,0,159,40000,40000,0.0795,20,1
c10,A,5,0.0,abstention,0.699928582359657,4.0,0.0,1,0,0,40000,0.0,20,0
c10,A,6,0.0,abstention,0.699928582359657,4.0,0.0,1,0,0,40000,0.0,20,0
c10,A,7,1.0,adversarial-dominant,0.35797539712733084,15.371623685920946,11.371623685920946,0,159,40000,40000,0.0795,20,1
c10,A,8,0.0,abstention,0.699928582359657,4.0,0.0,1,0,0,40000,0.0,20,0
c10,A,9,0.0,abstention,0.699928582359657,4.0,0.0,1,0,0,40000,0.0,20,0
c10,B,0,1.0,honest-dominant,0.10758385208278236,319.37113279124907,315.37113279124907,0,2000,40000,40000,1.0,20,1
c10,B,1,0.8807,honest-dominant,0.13727347113354443,107.7253900816224,103.7253900816224,0,1730,35228,40000,0.865,20,1
c10,B,2,1.0,honest-dominant,0.09536755729683216,368.15680777722037,364.15680777722037,0,2000,40000,40000,1.0,20,1
c10,B,3,0.955775,honest-dominant,0.11717113899217342,220.93731531870077,216.93731531870077,0,1909,38231,40000,0.9545,20,1
c10,B,4,0.99905,honest-dominant,0.13449303323954995,113.38588100132998,109.38588100132998,0,1996,39962,40000,0.998,20,1
c10,B,5,1.0,honest-dominant,0.07234879554325503,383.60705238571154,379.60705238571154,0,2000,40000,40000,1.0,20,1
c10,B,6,1.0,honest-dominant,0.16219282352324807,115.71252425591004,111.71252425591004,0,2000,40000,40000,1.0,20,1
c10,B,7,0.9975,honest-dominant,0.14597856851627275,110.36876759477454,106.36876759477454,0,1989,39900,40000,0.9945,20,1
c10,B,8,1.0,honest-dominant,0.1355744205177623,110.4194321855415,106.4194321855415,0,2000,40000,40000,1.0,20,1
c10,B,9,0.99595,honest-dominant,0.07111877663505031,388.30067886592764,384.30067886592764,0,1995,39838,40000,0.9975,20,1
c11,A,0,0.0,abstention,0.699928582359657,4.0,0.0,1,0,0,40000,0.0,20,0
c11,A,1,0.77,adversarial-dominant,0.699928582359657,4.0,0.0,1,0,30800,40000,0.0,20,0
c11,A,2,1.0,honest-dominant,0.07112738405741877,389.215753422146,385.215753422146,0,2000,40000,40000,1.0,20,1
c11,A,3,0.98,adversarial-dominant,0.699928582359657,4.0,0.0,1,0,39200,40000,0.0,20,0
c11,A,4,0.66,adversarial-dominant,0.699928582359657,4.0,0.0,1,0,26400,40000,0.0,20,0
c11,A,5,0.98,adversarial-dominant,0.699928582359657,4.0,0.0,1,0,39200,40000,0.0,20,0
c11,A,6,0.98,adversarial-dominant,0.699928582359657,4.0,0.0,1,0,39200,40000,0.0,20,0
c11,A,7,0.98,adversarial-dominant,0.699928582359657,4.0,0.0,1,0,39200,40000,0.0,20,0
c11,A,8,0.626875,honest-dominant,0.16489698646545997,77.15524760597776,73.15524760597776,0,1227,25075,40000,0.6135,20,1
c11,A,9,1.0,honest-dominant,0.11175764962604742,233.64034325083358,229.64034325083358,0,2000,40000,40000,1.0,20,1
c11,A,10,0.47315,honest-dominant,0.1969006979631166,76.98071076367465,72.98071076367465,0,953,18926,40000,0.4765,20,1
c11,A,11,0.0,abstention,0.699928582359657,4.0,0.0,1,0,0,40000,0.0,20,0
c11,A,12,0.87,adversarial-dominant,0.699928582359657,4.0,0.0,1,0,34800,40000,0.0,20,0
c11,A,13,0.63,adversarial-dominant,0.699928582359657,4.0,0.0,1,0,25200,40000,0.0,20,0
c11,A,14,0.98,adversarial-dominant,0.699928582359657,4.0,0.0,1,0,39200,40000,0.0,20,0
c11,A,15,0.98,adversarial-dominant,0.699928582359657,4.0,0.0,1,0,39200,40000,0.0,20,0
c11,A,16,0.98,adversarial-dominant,0.699928582359657,4.0,0.0,1,0,39200,40000,0.0,20,0
c11,A,17,0.94,adversarial-dominant,0.699928582359657,4.0,0.0,1,0,37600,40000,0.0,20,0
c11,A,18,0.98,adversarial-dominant,0.699928582359657,4.0,0.0,1,0,39200,40000,0.0,20,0
c11,A,19,0.98,adversarial-dominant,0.699928582359657,4.0,0.0,1,0,39200,40000,0.0,20,0
c11,A,20,1.0,honest-dominant,0.1355744205177623,110.4194321855415,106.4194321855415,0,2000,40000,40000,1.0,20,1
c11,A,21,1.0,adversarial-dominant,0.3680591028734324,13.53228425831297,9.53228425831297,0,159,40000,40000,0.0795,20,1
c11,A,22,0.84685,honest-dominant,0.07998233253993076,313.0135878895418,309.0135878895418,0,1629,33874,40000,0.8145,20,1
c11,A,23,0.0,abstention,0.699928582359657,4.0,0.0,1,0,0,40000,0.0,20,0
c11,A,24,0.98,adversarial-dominant,0.699928582359657,4.0,0.0,1,0,39200,40000,0.0,20,0
c11,A,25,0.0,abstention,0.699928582359657,4.0,0.0,1,0,0,40000,0.0,20,0
c11,A,26,0.98,adversarial-dominant,0.699928582359657,4.0,0.0,1,0,39200,40000,0.0,20,0
c11,A,27,0.4446,honest-dominant,0.10710899988279295,168.13532301588577,164.13532301588577,0,956,17784,40000,0.478,20,1
c11,A,28,0.98,adversarial-dominant,0.699928582359657,4.0,0.0,1,0,39200,40000,0.0,20,0
c11,A,29,0.44,adversarial-dominant,0.699928582359657,4.0,0.0,1,0,17600,40000,0.0,20,0
c11,B,0,0.997275,honest-dominant,0.1303247937545351,162.5432787671047,158.5432787671047,0,2000,39891,40000,1.0,20,1
c11,B,1,0.998025,honest-dominant,0.07112738405741877,389.215753422146,385.215753422146,0,2000,39921,40000,1.0,20,1
c11,B,2,0.9983,honest-dominant,0.13144364104114464,129.43106672873782,125.43106672873782,0,2000,39932,40000,1.0,20,1
c11,B,3,1.0,honest-dominant,0.12565057276072472,226.46795941539048,222.46795941539048,0,2000,40000,40000,1.0,20,1
c11,B,4,0.94105,honest-dominant,0.1394220213361996,108.01697317516576,104.01697317516576,0,1857,37642,40000,0.9285,20,1
c11,B,5,1.0,honest-dominant,0.11757348860817562,270.67281413400985,266.67281413400985,0,2000,40000,40000,1.0,20,1
c11,B,6,1.0,honest-dominant,0.12450040650855461,229.12118740907334,225.12118740907334,0,2000,40000,40000,1.0,20,1
c11,B,7,1.0,honest-dominant,0.10838843068046303,311.8026250445689,307.8026250445689,0,2000,40000,40000,1.0,20,1
c11,B,8,1.0,honest-dominant,0.08571671752360163,387.1761105400723,383.1761105400723,0,2000,40000,40000,1.0,20,1
c11,B,9,1.0,honest-dominant,0.10907349127104923,309.0772866559105,305.0772866559105,0,2000,40000,40000,1.0,20,1
c11,B,10,0.0,abstention,0.699928582359657,4.0,0.0,1,0,0,40000,0.0,20,0
c11,B,11,1.0,honest-dominant,0.14908416097400667,121.43151909926073,117.43151909926073,0,2000,40000,40000,1.0,20,1
c11,B,12,1.0,honest-dominant,0.15821095374020727,130.90710256232916,126.90710256232916,0,2000,40000,40000,1.0,20,1
c11,B,13,1.0,honest-dominant,0.1407916402978581,184.1851877751789,180.1851877751789,0,2000,40000,40000,1.0,20,1
c11,B,14,0.999975,honest-dominant,0.1260744347022863,230.6517509636115,226.6517509636115,0,2000,39999,40000,1.0,20,1
c11,B,15,1.0,honest-dominant,0.07112738405741877,389.215753422146,385.215753422146,0,2000,40000,40000,1.0,20,1
c11,B,16,0.988725,honest-dominant,0.13628134222324573,109.25081135931767,105.25081135931767,0,1965,39549,40000,0.9825,20,1
c11,B,17,1.0,honest-dominant,0.07453187307310837,387.1900033758703,383.1900033758703,0,2000,40000,40000,1.0,20,1
c11,B,18,1.0,honest-dominant,0.10883375675423095,312.81505416179726,308.81505416179726,0,2000,40000,40000,1.0,20,1
c11,B,19,1.0,honest-dominant,0.14798471401575747,140.77355329269272,136.77355329269272,0,2000,40000,40000,1.0,20,1
c11,B,20,1.0,honest-dominant,0.07112738405741877,389.215753422146,385.215753422146,0,2000,40000,40000,1.0,20,1
c11,B,21,0.98,adversarial-dominant,0.699928582359657,4.0,0.0,1,0,39200,40000,0.0,20,0
c11,B,22,0.98,adversarial-dominant,0.699928582359657,4.0,0.0,1,0,39200,40000,0.0,20,0
c11,B,23,0.999975,honest-dominant,0.1295928930480003,201.85070016906292,197.85070016906292,0,2000,39999,40000,1.0,20,1
c11,B,24,0.73,adversarial-dominant,0.699928582359657,4.0,0.0,1,0,29200,40000,0.0,20,0
c11,B,25,1.0,honest-dominant,0.12007395687491237,259.9171420009484,255.9171420009484,0,2000,40000,40000,1.0,20,1
c11,B,26,1.0,honest-dominant,0.11740023960446092,270.7433810671907,266.7433810671907,0,2000,40000,40000,1.0,20,1
c11,B,27,1.0,honest-dominant,0.07412038475276443,386.4635310509458,382.4635310509458,0,2000,40000,40000,1.0,20,1
c11,B,28,0.3,adversarial-dominant,0.699928582359657,4.0,0.0,1,0,12000,40000,0.0,20,0
c11,B,29,1.0,honest-dominant,0.11375992367703065,282.2994049968456,278.2994049968456,0,2000,40000,40000,1.0,20,1
