config,arm,seed,participation_rate,basin,honest_given_rating,attacks_attempted_stored,total_ratings_final_ep,mean_score_stored,attacks_attempted,attacks_blocked,hold_rate,rho_defined,rho_stored,rho_recomputed,rho_matches_stored,mae_stored,score_std,n_distinct_scores,qual_std,n_score_points,rescore_ok
c1,A,0,0.15935,honest-dominant,1.0,0,321,0.2136018312798215,0,0,,1,-0.751618885118032,-0.751618885118032,1,0.5646453058628488,0.12890977494877368,400,0.12266628813573002,400,1
c1,A,1,0.0,abstention,,0,0,0.5,0,0,,0,,,1,0.30242684572844797,0.0,1,0.12266628813573002,400,1
c1,A,2,0.0,abstention,,0,0,0.5,0,0,,0,,,1,0.30242684572844797,0.0,1,0.12266628813573002,400,1
c1,A,3,0.37375,honest-dominant,1.0,0,668,0.20238764456585084,0,0,,1,-0.8498582491140569,-0.8498582491140569,1,0.5885578023337842,0.13066329870780266,400,0.12266628813573002,400,1
c1,A,4,0.633375,honest-dominant,1.0,0,1394,0.8048823688121152,0,0,,1,0.9019906999418746,0.9019906999418746,1,0.04002511124724366,0.13085338501307395,400,0.12266628813573002,400,1
c1,A,5,0.05275,honest-dominant,1.0,0,88,0.7292929578304231,0,0,,1,0.5085760145914677,0.5085760145914677,1,0.12032909557542823,0.17282335113365363,393,0.12266628813573002,400,1
c1,A,6,0.698775,honest-dominant,1.0,0,1408,0.3261783393758434,0,0,,1,-0.7324183901149381,-0.7324183901149381,1,0.48868738375998183,0.09242362555676079,400,0.12266628813573002,400,1
c1,A,7,0.28025,honest-dominant,1.0,0,641,0.2599083636840495,0,0,,1,-0.8139397746235914,-0.8139397746235914,1,0.570095095564711,0.1334629858819574,400,0.12266628813573002,400,1
c1,A,8,0.0,abstention,,0,0,0.5,0,0,,0,,,1,0.30242684572844797,0.0,1,0.12266628813573002,400,1
c1,A,9,0.125425,honest-dominant,1.0,0,279,0.21637112484048604,0,0,,1,-0.7305394408715055,-0.7305394408715055,1,0.5529327118225597,0.14108878644888034,400,0.12266628813573002,400,1
c1,A,10,0.0437,honest-dominant,1.0,0,93,0.305158715973643,0,0,,1,-0.46973422140309706,-0.46973422140309706,1,0.5015218221988644,0.1345932063774297,390,0.12266628813573002,400,1
c1,A,11,0.0,abstention,,0,0,0.5,0,0,,0,,,1,0.30242684572844797,0.0,1,0.12266628813573002,400,1
c1,A,12,0.0824,honest-dominant,1.0,0,136,0.7618344243244162,0,0,,1,0.5861597884986781,0.5861597884986781,1,0.10031371436887097,0.15224167840151592,400,0.12266628813573002,400,1
c1,A,13,0.92325,honest-dominant,1.0,0,1841,0.340863863503579,0,0,,1,-0.562136763354771,-0.562136763354771,1,0.43777551457486846,0.1336130650114975,400,0.12266628813573002,400,1
c1,A,14,0.0,abstention,,0,0,0.5,0,0,,0,,,1,0.30242684572844797,0.0,1,0.12266628813573002,400,1
c1,A,15,0.0,abstention,,0,0,0.5,0,0,,0,,,1,0.30242684572844797,0.0,1,0.12266628813573002,400,1
c1,A,16,0.901375,honest-dominant,1.0,0,1785,0.8035666512327208,0,0,,1,0.9460367877299232,0.9460367877299232,1,0.03096529959244556,0.12895266256325955,400,0.12266628813573002,400,1
c1,A,17,0.0,abstention,,0,0,0.5,0,0,,0,,,1,0.30242684572844797,0.0,1,0.12266628813573002,400,1
c1,A,18,0.0,abstention,,0,0,0.5,0,0,,0,,,1,0.30242684572844797,0.0,1,0.12266628813573002,400,1
c1,A,19,0.84,honest-dominant,1.0,0,1680,0.19251695924500598,0,0,,1,-0.9084298651866572,-0.9084298651866572,1,0.5931777224402941,0.12711611037572804,400,0.12266628813573002,400,1
c1,A,20,0.0,abstention,,0,0,0.5,0,0,,0,,,1,0.30242684572844797,0.0,1,0.12266628813573002,400,1
c1,A,21,0.0,abstention,,0,0,0.5,0,0,,0,,,1,0.30242684572844797,0.0,1,0.12266628813573002,400,1
c1,A,22,0.2069,honest-dominant,1.0,0,423,0.7858527826209556,0,0,,1,0.8212258826617664,0.8212258826617664,1,0.05846255795145806,0.1410131605566093,400,0.12266628813573002,400,1
c1,A,23,0.0,abstention,,0,0,0.5,0,0,,0,,,1,0.30242684572844797,0.0,1,0.12266628813573002,400,1
c1,A,24,0.064375,honest-dominant,1.0,0,122,0.38769766260313954,0,0,,1,-0.27604466277914236,-0.27604466277914236,1,0.4438250323141035,0.17118415147112753,400,0.12266628813573002,400,1
c1,A,25,0.0,abstention,,0,0,0.5,0,0,,0,,,1,0.30242684572844797,0.0,1,0.12266628813573002,400,1
c1,A,26,0.79225,honest-dominant,1.0,0,1553,0.1968667526593682,0,0,,1,-0.9151412821330134,-0.9151412821330134,1,0.5911614892103725,0.1264937422502984,400,0.12266628813573002,400,1
c1,A,27,0.0,abstention,,0,0,0.5,0,0,,0,,,1,0.30242684572844797,0.0,1,0.12266628813573002,400,1
c1,A,28,0.0,abstention,,0,0,0.5,0,0,,0,,,1,0.30242684572844797,0.0,1,0.12266628813573002,400,1
c1,A,29,0.0,abstention,,0,0,0.5,0,0,,0,,,1,0.30242684572844797,0.0,1,0.12266628813573002,400,1
c1,B,0,0.65835,honest-dominant,1.0,0,1314,0.8077917031065004,0,0,,1,0.9265212907580672,0.9265212907580672,1,0.0358063817995976,0.13244101140930792,400,0.12266628813573002,400,1
c1,B,1,1.0,honest-dominant,1.0,0,2000,0.188785809581536,0,0,,1,-0.924798904993156,-0.924798904993156,1,0.594403173909608,0.12775893499698046,400,0.12266628813573002,400,1
c1,B,2,1.0,honest-dominant,1.0,0,2000,0.6148875542233869,0,0,,1,0.573613710085688,0.573613710085688,1,0.20767797407401495,0.06574577355572771,400,0.12266628813573002,400,1
c1,B,3,1.0,honest-dominant,1.0,0,2000,0.21299745652556798,0,0,,1,-0.9146639041494008,-0.9146639041494008,1,0.577505070266893,0.12289754223348141,400,0.12266628813573002,400,1
c1,B,4,1.0,honest-dominant,1.0,0,2000,0.6713874159197082,0,0,,1,0.7549528434552715,0.7549528434552715,1,0.14537901191407118,0.08768746550067034,400,0.12266628813573002,400,1
c1,B,5,1.0,honest-dominant,1.0,0,2000,0.4675164104864241,0,0,,1,-0.26196688729304557,-0.26196688729304557,1,0.33340182150394554,0.055897053381079906,400,0.12266628813573002,400,1
c1,B,6,1.0,honest-dominant,1.0,0,2000,0.188785809581536,0,0,,1,-0.924798904993156,-0.924798904993156,1,0.594403173909608,0.12775893499698046,400,0.12266628813573002,400,1
c1,B,7,1.0,honest-dominant,1.0,0,2000,0.39743662405859503,0,0,,1,-0.5701830011437571,-0.5701830011437571,1,0.39801983898058796,0.06967754524430637,400,0.12266628813573002,400,1
c1,B,8,1.0,honest-dominant,1.0,0,2000,0.31574029577720325,0,0,,1,-0.7296932480828004,-0.7296932480828004,1,0.46651997012962165,0.08357490914733622,400,0.12266628813573002,400,1
c1,B,9,1.0,honest-dominant,1.0,0,2000,0.8130772100834565,0,0,,1,0.9397217482609265,0.9397217482609265,1,0.031216140618913996,0.1287636877321209,400,0.12266628813573002,400,1
c1,B,10,1.0,honest-dominant,1.0,0,2000,0.7731469550666243,0,0,,1,0.9145937787111168,0.9145937787111168,1,0.049224168341013105,0.11605893269700175,400,0.12266628813573002,400,1
c1,B,11,1.0,honest-dominant,1.0,0,2000,0.8130772100834565,0,0,,1,0.9397217482609265,0.9397217482609265,1,0.031216140618913996,0.1287636877321209,400,0.12266628813573002,400,1
c1,B,12,0.92,honest-dominant,1.0,0,1840,0.8106557411755541,0,0,,1,0.9344357152232201,0.9344357152232201,1,0.03249885906762411,0.12951819307673584,400,0.12266628813573002,400,1
c1,B,13,1.0,honest-dominant,1.0,0,2000,0.7927815991693363,0,0,,1,0.9304951905949412,0.9304951905949412,1,0.03770491018237305,0.12248064783106266,400,0.12266628813573002,400,1
c1,B,14,1.0,honest-dominant,1.0,0,2000,0.784554439312914,0,0,,1,0.9263540397127482,0.9263540397127482,1,0.045251659473407466,0.11879341855579444,400,0.12266628813573002,400,1
c1,B,15,1.0,honest-dominant,1.0,0,2000,0.6344962886837686,0,0,,1,0.6481906136913356,0.6481906136913356,1,0.17500902337645002,0.07382998940053309,400,0.12266628813573002,400,1
c1,B,16,1.0,honest-dominant,1.0,0,2000,0.8130772100834565,0,0,,1,0.9397217482609265,0.9397217482609265,1,0.031216140618913996,0.1287636877321209,400,0.12266628813573002,400,1
c1,B,17,1.0,honest-dominant,1.0,0,2000,0.188785809581536,0,0,,1,-0.924798904993156,-0.924798904993156,1,0.594403173909608,0.12775893499698046,400,0.12266628813573002,400,1
c1,B,18,1.0,honest-dominant,1.0,0,2000,0.8130772100834565,0,0,,1,0.9397217482609265,0.9397217482609265,1,0.031216140618913996,0.1287636877321209,400,0.12266628813573002,400,1
c1,B,19,0.0,abstention,,0,0,0.5,0,0,,0,,,1,0.30242684572844797,0.0,1,0.12266628813573002,400,1
c1,B,20,0.94,honest-dominant,1.0,0,1880,0.20593525327550227,0,0,,1,-0.9277501734385838,-0.9277501734385838,1,0.5951365405487111,0.12545220114949823,400,0.12266628813573002,400,1
c1,B,21,1.0,honest-dominant,1.0,0,2000,0.37842437393467077,0,0,,1,-0.5523760148500928,-0.5523760148500928,1,0.4075956202567971,0.06937994945876448,400,0.12266628813573002,400,1
c1,B,22,1.0,honest-dominant,1.0,0,2000,0.7608405361130165,0,0,,1,0.9042508390677441,0.9042508390677441,1,0.06191718419245087,0.11368498799276207,400,0.12266628813573002,400,1
c1,B,23,1.0,honest-dominant,1.0,0,2000,0.3417592223038074,0,0,,1,-0.6282140513378209,-0.6282140513378209,1,0.4465161538652769,0.07992362068947909,400,0.12266628813573002,400,1
c1,B,24,1.0,honest-dominant,1.0,0,2000,0.8130772100834565,0,0,,1,0.9397217482609265,0.9397217482609265,1,0.031216140618913996,0.1287636877321209,400,0.12266628813573002,400,1
c1,B,25,1.0,honest-dominant,1.0,0,2000,0.2214076751490051,0,0,,1,-0.8960259126619541,-0.8960259126619541,1,0.5607626568854581,0.11599935970679914,400,0.12266628813573002,400,1
c1,B,26,1.0,honest-dominant,1.0,0,2000,0.5960481161601355,0,0,,1,0.5486308664429151,0.5486308664429151,1,0.21003673641716872,0.06063855165364636,400,0.12266628813573002,400,1
c1,B,27,1.0,honest-dominant,1.0,0,2000,0.8130772100834565,0,0,,1,0.9397693735585846,0.9397693735585846,1,0.031188891022616714,0.12875240696491835,400,0.12266628813573002,400,1
c1,B,28,1.0,honest-dominant,1.0,0,2000,0.8130772100834565,0,0,,1,0.9397217482609265,0.9397217482609265,1,0.031216140618913996,0.1287636877321209,400,0.12266628813573002,400,1
c1,B,29,1.0,honest-dominant,1.0,0,2000,0.8130772100834565,0,0,,1,0.9397217482609265,0.9397217482609265,1,0.031216140618913996,0.1287636877321209,400,0.12266628813573002,400,1
c10,A,0,0.0,abstention,,0,0,0.5,0,0,,0,,,1,0.30242684572844797,0.0,1,0.12266628813573002,400,1
c10,A,1,1.0,adversarial-dominant,0.0,0,159,0.3997635986630581,0,0,,1,-0.0099161869761686,-0.0099161869761686,1,0.40710306640335103,0.1563580423467976,400,0.12266628813573002,400,1
c10,A,2,0.056575,honest-dominant,1.0,0,106,0.19237421956894132,0,0,,1,-0.561039807482471,-0.561039807482471,1,0.5447395074559818,0.17861095212902808,387,0.12266628813573002,400,1
c10,A,3,0.0,abstention,,0,0,0.5,0,0,,0,,,1,0.30242684572844797,0.0,1,0.12266628813573002,400,1
c10,A,4,1.0,adversarial-dominant,0.0,0,159,0.14941194041787328,0,0,,1,-0.03585491159319745,-0.03585491159319745,1,0.6490842257768289,0.04509524918847893,400,0.12266628813573002,400,1
c10,A,5,0.0,abstention,,0,0,0.5,0,0,,0,,,1,0.30242684572844797,0.0,1,0.12266628813573002,400,1
c10,A,6,0.0,abstention,,0,0,0.5,0,0,,0,,,1,0.30242684572844797,0.0,1,0.12266628813573002,400,1
c10,A,7,1.0,adversarial-dominant,0.0,0,159,0.17902372517791101,0,0,,1,-0.03409877561734761,-0.03409877561734761,1,0.6182752185370234,0.08447113927132904,400,0.12266628813573002,400,1
c10,A,8,0.0,abstention,,0,0,0.5,0,0,,0,,,1,0.30242684572844797,0.0,1,0.12266628813573002,400,1
c10,A,9,0.0,abstention,,0,0,0.5,0,0,,0,,,1,0.30242684572844797,0.0,1,0.12266628813573002,400,1
c10,B,0,1.0,honest-dominant,1.0,0,2000,0.4616772873495135,0,0,,1,-0.30704779404871274,-0.30704779404871274,1,0.34061653737841574,0.058080995577224,400,0.12266628813573002,400,1
c10,B,1,0.8807,honest-dominant,1.0,0,1730,0.19576138185026754,0,0,,1,-0.9241514634466464,-0.9241514634466464,1,0.596471554297104,0.12827727380237394,400,0.12266628813573002,400,1
c10,B,2,1.0,honest-dominant,1.0,0,2000,0.6583980676257761,0,0,,1,0.7715121969512309,0.7715121969512309,1,0.14548735533750964,0.08094121323056697,400,0.12266628813573002,400,1
c10,B,3,0.955775,honest-dominant,1.0,0,1909,0.6994194928296117,0,0,,1,0.8551737198357489,0.8551737198357489,1,0.10446730372147307,0.09420195482507367,400,0.12266628813573002,400,1
c10,B,4,0.99905,honest-dominant,0.999974976227416,0,1996,0.19730324315406889,0,0,,1,-0.9324313276957981,-0.9324313276957981,1,0.5954783935937069,0.1277760705116891,400,0.12266628813573002,400,1
c10,B,5,1.0,honest-dominant,1.0,0,2000,0.8101609387642377,0,0,,1,0.9388697429358932,0.9388697429358932,1,0.03150374128757618,0.12835090182809133,400,0.12266628813573002,400,1
c10,B,6,1.0,honest-dominant,1.0,0,2000,0.3030027856452659,0,0,,1,-0.7676652354077212,-0.7676652354077212,1,0.4859457616997681,0.08957950012232324,400,0.12266628813573002,400,1
c10,B,7,0.9975,honest-dominant,1.0,0,1989,0.21859919478036863,0,0,,1,-0.8999111244445277,-0.8999111244445277,1,0.5693663503457028,0.11985446076881036,400,0.12266628813573002,400,1
c10,B,8,1.0,honest-dominant,1.0,0,2000,0.188785809581536,0,0,,1,-0.924798904993156,-0.924798904993156,1,0.594403173909608,0.12775893499698046,400,0.12266628813573002,400,1
c10,B,9,0.99595,honest-dominant,1.0,0,1995,0.8143576374764792,0,0,,1,0.9388494928093299,0.9388494928093299,1,0.03147451997497096,0.1288748625579143,400,0.12266628813573002,400,1
c11,A,0,0.0,abstention,,0,0,0.5,0,0,,0,,,1,0.30242684572844797,0.0,1,0.12266628813573002,400,1
c11,A,1,0.77,adversarial-dominant,0.0,0,0,0.5,0,0,,0,,,1,0.30242684572844797,0.0,1,0.12266628813573002,400,1
c11,A,2,1.0,honest-dominant,1.0,0,2000,0.8130772100834565,0,0,,1,0.9397217482609265,0.9397217482609265,1,0.031216140618913996,0.1287636877321209,400,0.12266628813573002,400,1
c11,A,3,0.98,adversarial-dominant,0.0,0,0,0.5,0,0,,0,,,1,0.30242684572844797,0.0,1,0.12266628813573002,400,1
c11,A,4,0.66,adversarial-dominant,0.0,0,0,0.5,0,0,,0,,,1,0.30242684572844797,0.0,1,0.12266628813573002,400,1
c11,A,5,0.98,adversarial-dominant,0.22448979591836735,0,0,0.5,0,0,,0,,,1,0.30242684572844797,0.0,1,0.12266628813573002,400,1
c11,A,6,0.98,adversarial-dominant,0.0,0,0,0.5,0,0,,0,,,1,0.30242684572844797,0.0,1,0.12266628813573002,400,1
c11,A,7,0.98,adversarial-dominant,0.0,0,0,0.5,0,0,,0,,,1,0.30242684572844797,0.0,1,0.12266628813573002,400,1
c11,A,8,0.626875,honest-dominant,1.0,0,1227,0.19943707971786068,0,0,,1,-0.8865241032756455,-0.8865241032756455,1,0.5920860748850864,0.1279101835356454,400,0.12266628813573002,400,1
c11,A,9,1.0,honest-dominant,1.0,0,2000,0.7086072648779614,0,0,,1,0.8482969268557928,0.8482969268557928,1,0.10312407902660542,0.09877780557380669,400,0.12266628813573002,400,1
c11,A,10,0.47315,honest-dominant,1.0,0,953,0.30752915390920715,0,0,,1,-0.7409382558640992,-0.7409382558640992,1,0.5004535370376891,0.10256102221053442,400,0.12266628813573002,400,1
c11,A,11,0.0,abstention,,0,0,0.5,0,0,,0,,,1,0.30242684572844797,0.0,1,0.12266628813573002,400,1
c11,A,12,0.87,adversarial-dominant,0.0,0,0,0.5,0,0,,0,,,1,0.30242684572844797,0.0,1,0.12266628813573002,400,1
c11,A,13,0.63,adversarial-dominant,0.0,0,0,0.5,0,0,,0,,,1,0.30242684572844797,0.0,1,0.12266628813573002,400,1
c11,A,14,0.98,adversarial-dominant,0.9285714285714286,0,0,0.5,0,0,,0,,,1,0.30242684572844797,0.0,1,0.12266628813573002,400,1
c11,A,15,0.98,adversarial-dominant,0.0,0,0,0.5,0,0,,0,,,1,0.30242684572844797,0.0,1,0.12266628813573002,400,1
c11,A,16,0.98,adversarial-dominant,0.0,0,0,0.5,0,0,,0,,,1,0.30242684572844797,0.0,1,0.12266628813573002,400,1
c11,A,17,0.94,adversarial-dominant,0.0,40,0,0.5,800,0,0.0,0,,,1,0.30242684572844797,0.0,1,0.12266628813573002,400,1
c11,A,18,0.98,adversarial-dominant,0.0,0,0,0.5,0,0,,0,,,1,0.30242684572844797,0.0,1,0.12266628813573002,400,1
c11,A,19,0.98,adversarial-dominant,0.0,0,0,0.5,0,0,,0,,,1,0.30242684572844797,0.0,1,0.12266628813573002,400,1
c11,A,20,1.0,honest-dominant,1.0,0,2000,0.188785809581536,0,0,,1,-0.924798904993156,-0.924798904993156,1,0.594403173909608,0.12775893499698046,400,0.12266628813573002,400,1
c11,A,21,1.0,adversarial-dominant,0.0,0,159,0.14941194041787328,0,0,,1,-0.030927380796129975,-0.030927380796129975,1,0.6499422487430044,0.044855667423624845,400,0.12266628813573002,400,1
c11,A,22,0.84685,honest-dominant,1.0,0,1629,0.8109384751719327,0,0,,1,0.924023025143907,0.924023025143907,1,0.034786759690348584,0.12427662914268743,400,0.12266628813573002,400,1
c11,A,23,0.0,abstention,,0,0,0.5,0,0,,0,,,1,0.30242684572844797,0.0,1,0.12266628813573002,400,1
c11,A,24,0.98,adversarial-dominant,0.0,0,0,0.5,0,0,,0,,,1,0.30242684572844797,0.0,1,0.12266628813573002,400,1
c11,A,25,0.0,abstention,,0,0,0.5,0,0,,0,,,1,0.30242684572844797,0.0,1,0.12266628813573002,400,1
c11,A,26,0.98,adversarial-dominant,0.04081632653061224,0,0,0.5,0,0,,0,,,1,0.30242684572844797,0.0,1,0.12266628813573002,400,1
c11,A,27,0.4446,honest-dominant,1.0,0,956,0.8167925079696057,0,0,,1,0.8799632497703109,0.8799632497703109,1,0.04481101682432179,0.13176391977159752,400,0.12266628813573002,400,1
c11,A,28,0.98,adversarial-dominant,0.0,0,0,0.5,0,0,,0,,,1,0.30242684572844797,0.0,1,0.12266628813573002,400,1
c11,A,29,0.44,adversarial-dominant,0.0,70,0,0.5,1400,400,0.2857142857142857,0,,,1,0.30242684572844797,0.0,1,0.12266628813573002,400,1
c11,B,0,0.997275,honest-dominant,1.0,0,2000,0.2642307875783225,5,5,1.0,1,-0.8729945812161325,-0.8729945812161325,1,0.5323568479101038,0.10369031001069719,400,0.12266628813573002,400,1
c11,B,1,0.998025,honest-dominant,1.0,0,2000,0.8130772100834565,40,40,1.0,1,0.9408566928543304,0.9408566928543304,1,0.030526890925335923,0.1292284073963704,400,0.12266628813573002,400,1
c11,B,2,0.9983,honest-dominant,0.9980216367825303,0,2000,0.20556440405050685,12,11,0.9166666666666666,1,-0.9134218963868523,-0.9134218963868523,1,0.580656192733401,0.12049068364842361,400,0.12266628813573002,400,1
c11,B,3,1.0,honest-dominant,1.0,0,2000,0.5870365871707767,0,0,,1,0.5914478840492753,0.5914478840492753,1,0.21010206400142642,0.06789000518833711,400,0.12266628813573002,400,1
c11,B,4,0.94105,honest-dominant,1.0,11,1857,0.1932682250030825,180,180,1.0,1,-0.926234788967431,-0.926234788967431,1,0.5944171716254987,0.12599068862103768,400,0.12266628813573002,400,1
c11,B,5,1.0,honest-dominant,1.0,0,2000,0.49735745301138434,0,0,,1,-0.08355089719310746,-0.08355089719310746,1,0.3169261890958176,0.05445277194214802,400,0.12266628813573002,400,1
c11,B,6,1.0,honest-dominant,0.979325,0,2000,0.3895958056975396,0,0,,1,-0.611374946093413,-0.611374946093413,1,0.40875367899597687,0.06285209414538737,400,0.12266628813573002,400,1
c11,B,7,1.0,honest-dominant,1.0,0,2000,0.5755916601845186,0,0,,1,0.4508291301820636,0.4508291301820636,1,0.20838624942021816,0.07984917831300657,400,0.12266628813573002,400,1
c11,B,8,1.0,honest-dominant,1.0,0,2000,0.732741961922948,0,0,,1,0.8620981381133631,0.8620981381133631,1,0.08725162328489162,0.09943137701516166,400,0.12266628813573002,400,1
c11,B,9,1.0,honest-dominant,1.0,0,2000,0.4465191217075228,0,0,,1,-0.355608722554516,-0.355608722554516,1,0.35355825909673017,0.0582980803174629,400,0.12266628813573002,400,1
c11,B,10,0.0,abstention,,0,0,0.5,0,0,,0,,,1,0.30242684572844797,0.0,1,0.12266628813573002,400,1
c11,B,11,1.0,honest-dominant,1.0,0,2000,0.2533892386704735,0,0,,1,-0.8677342358389739,-0.8677342358389739,1,0.5341294234168911,0.10791304311802269,400,0.12266628813573002,400,1
c11,B,12,1.0,honest-dominant,1.0,0,2000,0.3381976401033049,0,0,,1,-0.73619485121782,-0.73619485121782,1,0.45804583923607045,0.08501331255581705,400,0.12266628813573002,400,1
c11,B,13,1.0,honest-dominant,1.0,0,2000,0.43629314475925574,0,0,,1,-0.4795563722273264,-0.4795563722273264,1,0.37424522346653377,0.06581959756347333,400,0.12266628813573002,400,1
c11,B,14,0.999975,honest-dominant,0.9646741168529214,0,2000,0.5591325738860242,1,1,1.0,1,0.2837916486978044,0.2837916486978044,1,0.23152542084222097,0.061395490918790936,400,0.12266628813573002,400,1
c11,B,15,1.0,honest-dominant,1.0,0,2000,0.8130772100834565,0,0,,1,0.9397217482609265,0.9397217482609265,1,0.031216140618913996,0.1287636877321209,400,0.12266628813573002,400,1
c11,B,16,0.988725,honest-dominant,1.0,0,1965,0.18668834892796402,0,0,,1,-0.9243856524103274,-0.9243856524103274,1,0.5950313023986931,0.12723873044772313,400,0.12266628813573002,400,1
c11,B,17,1.0,honest-dominant,0.999975,0,2000,0.7981626964501025,0,0,,1,0.9301530009562559,0.9301530009562559,1,0.03457360601079875,0.12439001236931063,400,0.12266628813573002,400,1
c11,B,18,1.0,honest-dominant,1.0,0,2000,0.47817703920167876,0,0,,1,-0.26649335308345673,-0.26649335308345673,1,0.32228646995370674,0.057478026395645865,400,0.12266628813573002,400,1
c11,B,19,1.0,honest-dominant,0.9809,0,2000,0.3096490078907039,0,0,,1,-0.8247874674216713,-0.8247874674216713,1,0.49959823934108166,0.09247785428690253,400,0.12266628813573002,400,1
c11,B,20,1.0,honest-dominant,1.0,0,2000,0.8130772100834565,0,0,,1,0.9397217482609265,0.9397217482609265,1,0.031216140618913996,0.1287636877321209,400,0.12266628813573002,400,1
c11,B,21,0.98,adversarial-dominant,0.8163265306122449,0,0,0.5,0,0,,0,,,1,0.30242684572844797,0.0,1,0.12266628813573002,400,1
c11,B,22,0.98,adversarial-dominant,0.5816326530612245,0,0,0.5,0,0,,0,,,1,0.30242684572844797,0.0,1,0.12266628813573002,400,1
c11,B,23,0.999975,honest-dominant,1.0,0,2000,0.3618872869037911,0,0,,1,-0.6835424596403727,-0.6835424596403727,1,0.44406438534246306,0.08006635113665346,400,0.12266628813573002,400,1
c11,B,24,0.73,adversarial-dominant,0.0,0,0,0.5,0,0,,0,,,1,0.30242684572844797,0.0,1,0.12266628813573002,400,1
c11,B,25,1.0,honest-dominant,1.0,0,2000,0.49162908386748133,0,0,,1,-0.07548890930568315,-0.07548890930568315,1,0.30982609809519823,0.057057545840070154,400,0.12266628813573002,400,1
c11,B,26,1.0,honest-dominant,1.0,0,2000,0.4918315106017911,0,0,,1,-0.11048112800705004,-0.11048112800705004,1,0.3122705872955857,0.0569071167497221,400,0.12266628813573002,400,1
c11,B,27,1.0,honest-dominant,1.0,0,2000,0.8016443442216918,0,0,,1,0.9255196594978718,0.9255196594978718,1,0.036338343337741746,0.12347623979568363,400,0.12266628813573002,400,1
c11,B,28,0.3,adversarial-dominant,0.0,0,0,0.5,0,0,,0,,,1,0.30242684572844797,0.0,1,0.12266628813573002,400,1
c11,B,29,1.0,honest-dominant,1.0,0,2000,0.4443864088267473,0,0,,1,-0.37125438283989276,-0.37125438283989276,1,0.36098536557850935,0.05874799916563887,400,0.12266628813573002,400,1
c2,A,0,0.0,abstention,,0,0,0.5,0,0,,0,,,1,0.30242684572844797,0.0,1,0.12266628813573002,400,1
c2,A,1,0.0,abstention,,0,0,0.5,0,0,,0,,,1,0.30242684572844797,0.0,1,0.12266628813573002,400,1
c2,A,2,0.0,abstention,,0,0,0.5,0,0,,0,,,1,0.30242684572844797,0.0,1,0.12266628813573002,400,1
c2,A,3,1.0,honest-dominant,1.0,0,2000,0.8130772100834565,0,0,,1,0.9397217482609265,0.9397217482609265,1,0.031216140618913996,0.1287636877321209,400,0.12266628813573002,400,1
c2,A,4,0.387175,honest-dominant,1.0,0,770,0.20196548893676164,0,0,,1,-0.8598479365496033,-0.8598479365496033,1,0.5888383841165974,0.12642860099816325,400,0.12266628813573002,400,1
c2,A,5,1.0,honest-dominant,1.0,0,2000,0.8130772100834565,0,0,,1,0.9397530609566309,0.9397530609566309,1,0.03121976161864973,0.12877795358815466,400,0.12266628813573002,400,1
c2,A,6,0.716075,honest-dominant,1.0,0,1417,0.8134415376381128,0,0,,1,0.9212011325070781,0.9212011325070781,1,0.03560988863057469,0.13030441708313528,400,0.12266628813573002,400,1
c2,A,7,0.121725,honest-dominant,1.0,0,218,0.21507158668728482,0,0,,1,-0.6993679335495845,-0.6993679335495845,1,0.5775093084371536,0.15425505254455082,400,0.12266628813573002,400,1
c2,A,8,0.413475,honest-dominant,1.0,0,817,0.2651754342153665,0,0,,1,-0.7089213057581609,-0.7089213057581609,1,0.5136767731533032,0.11078355829579967,400,0.12266628813573002,400,1
c2,A,9,0.948725,honest-dominant,1.0,0,1891,0.7996085661610637,0,0,,1,0.9347066544165901,0.9347066544165901,1,0.031017124165709217,0.12817611297925532,400,0.12266628813573002,400,1
c2,A,10,0.762475,honest-dominant,1.0,0,1501,0.19064259456351917,0,0,,1,-0.9055040969006056,-0.9055040969006056,1,0.5934376714179359,0.12741603337946553,400,0.12266628813573002,400,1
c2,A,11,1.0,honest-dominant,1.0,0,2000,0.188785809581536,0,0,,1,-0.924798904993156,-0.924798904993156,1,0.594403173909608,0.12775893499698046,400,0.12266628813573002,400,1
c2,A,12,0.585925,adversarial-dominant,0.0,2,99,0.8034458954521064,452,140,0.30973451327433627,1,0.04889220354626703,0.04889220354626703,1,0.1986690574325241,0.1879846113433999,379,0.12266628813573002,400,1
c2,A,13,0.767625,honest-dominant,1.0,0,1548,0.8069931498553695,0,0,,1,0.9264102900643129,0.9264102900643129,1,0.0346946485999228,0.12975554343786452,400,0.12266628813573002,400,1
c2,A,14,0.22905,honest-dominant,1.0,0,424,0.7829747612753897,0,0,,1,0.669636622728892,0.669636622728892,1,0.08546084486189566,0.12903139748633052,400,0.12266628813573002,400,1
c2,A,15,0.0,abstention,,0,0,0.5,0,0,,0,,,1,0.30242684572844797,0.0,1,0.12266628813573002,400,1
c2,A,16,0.40855,honest-dominant,1.0,0,815,0.8202071775892262,0,0,,1,0.8798608741304632,0.8798608741304632,1,0.04541882223115836,0.12900368589174926,400,0.12266628813573002,400,1
c2,A,17,1.0,honest-dominant,1.0,0,2000,0.8130772100834565,0,0,,1,0.9397217482609265,0.9397217482609265,1,0.031216140618913996,0.1287636877321209,400,0.12266628813573002,400,1
c2,A,18,0.999675,honest-dominant,1.0,0,1999,0.750608206008499,0,0,,1,0.8942377139857123,0.8942377139857123,1,0.06658560641850157,0.11285072370496733,400,0.12266628813573002,400,1
c2,A,19,0.012425,adversarial-dominant,0.0,500,0,0.5,9503,9497,0.9993686204356519,1,0.040358834447248894,0.040358834447248894,1,0.30980255429149745,0.04426356747092308,12,0.12266628813573002,400,1
c2,A,20,1.0,honest-dominant,1.0,0,2000,0.8130772100834565,0,0,,1,0.9397217482609265,0.9397217482609265,1,0.031216140618913996,0.1287636877321209,400,0.12266628813573002,400,1
c2,A,21,1.0,honest-dominant,1.0,0,2000,0.5392601985933173,0,0,,1,0.23636585228657675,0.23636585228657675,1,0.26253934148927555,0.054641801796509036,400,0.12266628813573002,400,1
c2,A,22,0.914725,honest-dominant,1.0,0,1851,0.742056968303449,0,0,,1,0.8624208276301726,0.8624208276301726,1,0.0848768944541981,0.10367665008305464,400,0.12266628813573002,400,1
c2,A,23,1.0,honest-dominant,1.0,0,2000,0.6276810655891769,0,0,,1,0.700439690248064,0.700439690248064,1,0.167686734504041,0.0809136042437154,400,0.12266628813573002,400,1
c2,A,24,0.0488,honest-dominant,1.0,0,77,0.2763576645253343,0,0,,1,-0.5063388592494074,-0.5063388592494074,1,0.5208460511010304,0.15786909712008512,394,0.12266628813573002,400,1
c2,A,25,1.0,honest-dominant,1.0,0,2000,0.188785809581536,0,0,,1,-0.924798904993156,-0.924798904993156,1,0.594403173909608,0.12775893499698046,400,0.12266628813573002,400,1
c2,A,26,1.0,adversarial-dominant,0.0,0,159,0.9425845668143339,0,0,,1,0.00018093863086644292,0.00018093863086644292,1,0.14653701207462316,0.02643219281617176,400,0.12266628813573002,400,1
c2,A,27,0.015025,honest-dominant,1.0,0,31,0.3864968857693219,0,0,,1,-0.32192033506788414,-0.32192033506788414,1,0.4407973260823069,0.15578722757642338,134,0.12266628813573002,400,1
c2,A,28,0.23475,adversarial-dominant,0.0,32,29,0.3177202797416321,610,110,0.18032786885245902,1,-0.09709864382225593,-0.09709864382225593,1,0.4935045222128727,0.11460398720648267,181,0.12266628813573002,400,1
c2,A,29,0.575725,honest-dominant,1.0,0,1152,0.20272029184921872,0,0,,1,-0.9024879530497065,-0.9024879530497065,1,0.5943318925649185,0.12726640366354672,400,0.12266628813573002,400,1
c2,B,0,1.0,honest-dominant,1.0,0,2000,0.3616758086877677,0,0,,1,-0.6024112650704065,-0.6024112650704065,1,0.4293370105845027,0.07604747204049113,400,0.12266628813573002,400,1
c2,B,1,1.0,honest-dominant,1.0,0,2000,0.8130772100834565,0,0,,1,0.9397217482609265,0.9397217482609265,1,0.031216140618913996,0.1287636877321209,400,0.12266628813573002,400,1
c2,B,2,1.0,honest-dominant,1.0,0,2000,0.28317111466750366,0,0,,1,-0.7895550597191231,-0.7895550597191231,1,0.49655104142143586,0.09662331811426397,400,0.12266628813573002,400,1
c2,B,3,1.0,honest-dominant,1.0,0,2000,0.188785809581536,0,0,,1,-0.924798904993156,-0.924798904993156,1,0.594403173909608,0.12775893499698046,400,0.12266628813573002,400,1
c2,B,4,1.0,honest-dominant,1.0,0,2000,0.3311364690074025,0,0,,1,-0.7667899799373746,-0.7667899799373746,1,0.4627585823716206,0.08403370226104828,400,0.12266628813573002,400,1
c2,B,5,0.0,abstention,,0,0,0.5,0,0,,0,,,1,0.30242684572844797,0.0,1,0.12266628813573002,400,1
c2,B,6,1.0,honest-dominant,1.0,0,2000,0.3171034986959854,0,0,,1,-0.78229107681923,-0.78229107681923,1,0.46592823897427516,0.08338019735457258,400,0.12266628813573002,400,1
c2,B,7,1.0,honest-dominant,1.0,0,2000,0.188785809581536,0,0,,1,-0.924798904993156,-0.924798904993156,1,0.594403173909608,0.12775893499698046,400,0.12266628813573002,400,1
c2,B,8,1.0,honest-dominant,1.0,0,2000,0.3092669016277807,0,0,,1,-0.7509616935105845,-0.7509616935105845,1,0.4670572433288935,0.09488334966426129,400,0.12266628813573002,400,1
c2,B,9,1.0,honest-dominant,1.0,0,2000,0.5968171880285797,0,0,,1,0.5032516453227832,0.5032516453227832,1,0.22388127569520727,0.062066919844566214,400,0.12266628813573002,400,1
c2,B,10,1.0,mixed,0.871275,0,1769,0.24550853731008376,0,0,,1,-0.8894359964749778,-0.8894359964749778,1,0.5492786346245806,0.11969960815069018,400,0.12266628813573002,400,1
c2,B,11,1.0,honest-dominant,1.0,0,2000,0.3792199198556995,0,0,,1,-0.5673159207245044,-0.5673159207245044,1,0.40428121617281876,0.06282549167338641,400,0.12266628813573002,400,1
c2,B,12,1.0,honest-dominant,1.0,0,2000,0.33200785224954066,0,0,,1,-0.686214163838524,-0.686214163838524,1,0.4597716249394672,0.08232681655095789,400,0.12266628813573002,400,1
c2,B,13,0.99995,honest-dominant,1.0,0,2000,0.8130772100834565,1,1,1.0,1,0.939646185288658,0.939646185288658,1,0.031222289407356624,0.12879490043664027,400,0.12266628813573002,400,1
c2,B,14,1.0,honest-dominant,1.0,0,2000,0.188785809581536,0,0,,1,-0.9217831361446007,-0.9217831361446007,1,0.5932281393245802,0.12714432677418303,400,0.12266628813573002,400,1
c2,B,15,1.0,honest-dominant,1.0,0,2000,0.8130772100834565,0,0,,1,0.9397217482609265,0.9397217482609265,1,0.031216140618913996,0.1287636877321209,400,0.12266628813573002,400,1
c2,B,16,1.0,honest-dominant,1.0,0,2000,0.6202088975552985,0,0,,1,0.5836330227063918,0.5836330227063918,1,0.19686201562648592,0.06664012809702755,400,0.12266628813573002,400,1
c2,B,17,1.0,honest-dominant,1.0,0,2000,0.188785809581536,0,0,,1,-0.924798904993156,-0.924798904993156,1,0.594403173909608,0.12775893499698046,400,0.12266628813573002,400,1
c2,B,18,1.0,honest-dominant,1.0,0,2000,0.5805804617901279,0,0,,1,0.4913505709410683,0.4913505709410683,1,0.23771415377672306,0.06260500077436766,400,0.12266628813573002,400,1
c2,B,19,1.0,honest-dominant,1.0,0,2000,0.33342243278544703,0,0,,1,-0.6805598784992406,-0.6805598784992406,1,0.45400091560779715,0.08072407182018275,400,0.12266628813573002,400,1
c2,B,20,1.0,honest-dominant,1.0,0,2000,0.7371311690642284,0,0,,1,0.8618738867117919,0.8618738867117919,1,0.086580244116178,0.0987720705949705,400,0.12266628813573002,400,1
c2,B,21,0.0,abstention,,0,0,0.5,0,0,,0,,,1,0.30242684572844797,0.0,1,0.12266628813573002,400,1
c2,B,22,1.0,honest-dominant,1.0,0,2000,0.188785809581536,0,0,,1,-0.924798904993156,-0.924798904993156,1,0.594403173909608,0.12775893499698046,400,0.12266628813573002,400,1
c2,B,23,0.0,abstention,,0,0,0.5,0,0,,0,,,1,0.30242684572844797,0.0,1,0.12266628813573002,400,1
c2,B,24,0.0,abstention,,0,0,0.5,0,0,,0,,,1,0.30242684572844797,0.0,1,0.12266628813573002,400,1
c2,B,25,1.0,honest-dominant,1.0,0,2000,0.188785809581536,0,0,,1,-0.924798904993156,-0.924798904993156,1,0.594403173909608,0.12775893499698046,400,0.12266628813573002,400,1
c2,B,26,1.0,honest-dominant,1.0,0,2000,0.8130772100834565,0,0,,1,0.9397217482609265,0.9397217482609265,1,0.031216140618913996,0.1287636877321209,400,0.12266628813573002,400,1
c2,B,27,0.0,abstention,,0,0,0.5,0,0,,0,,,1,0.30242684572844797,0.0,1,0.12266628813573002,400,1
c2,B,28,1.0,honest-dominant,1.0,0,2000,0.21405457220697427,0,0,,1,-0.9001078131738323,-0.9001078131738323,1,0.5735831120806771,0.12105384870537177,400,0.12266628813573002,400,1
c2,B,29,1.0,honest-dominant,1.0,0,2000,0.19779304097966377,0,0,,1,-0.9164939155869724,-0.9164939155869724,1,0.5864496290360788,0.12456217394704301,400,0.12266628813573002,400,1
c3,A,0,0.671175,honest-dominant,1.0,0,1341,0.7534417230092219,0,0,,1,0.8361451634072711,0.8361451634072711,1,0.08155262899751259,0.10957685149804969,400,0.12266628813573002,400,1
c3,A,1,0.777475,honest-dominant,1.0,0,1581,0.8180227445868674,0,0,,1,0.934040650254064,0.934040650254064,1,0.03277266116723231,0.13073554534480658,400,0.12266628813573002,400,1
c3,A,2,0.617525,honest-dominant,1.0,0,1239,0.8154877308007926,0,0,,1,0.9162421015131343,0.9162421015131343,1,0.03675646062314833,0.12947922492430833,400,0.12266628813573002,400,1
c3,A,3,0.586825,honest-dominant,1.0,0,1184,0.7866470985004392,0,0,,1,0.8561989762436014,0.8561989762436014,1,0.05298529800268412,0.11574519408981074,400,0.12266628813573002,400,1
c3,A,4,0.604675,honest-dominant,1.0,0,1212,0.8158877866587394,0,0,,1,0.9299604372527327,0.9299604372527327,1,0.03425980746307133,0.13019156987482694,400,0.12266628813573002,400,1
c3,A,5,0.57275,honest-dominant,1.0,0,1149,0.8084760178588415,0,0,,1,0.9041173382333638,0.9041173382333638,1,0.040410204360961564,0.1313868702421367,400,0.12266628813573002,400,1
c3,A,6,0.386375,honest-dominant,1.0,0,766,0.5339251043411919,3,0,0.0,1,0.1989428683929274,0.1989428683929274,1,0.2779487435041929,0.08946686562880828,400,0.12266628813573002,400,1
c3,A,7,0.29735,honest-dominant,1.0,4,941,0.8103621478255156,72,60,0.8333333333333334,1,0.8114124463277894,0.8114124463277894,1,0.06020911047965699,0.13538680748691972,400,0.12266628813573002,400,1
c3,A,8,1.0,honest-dominant,1.0,0,2000,0.8130772100834565,0,0,,1,0.9397217482609265,0.9397217482609265,1,0.031216140618913996,0.1287636877321209,400,0.12266628813573002,400,1
c3,A,9,0.0,abstention,,0,0,0.5,0,0,,0,,,1,0.30242684572844797,0.0,1,0.12266628813573002,400,1
c3,A,10,0.609875,honest-dominant,1.0,0,1242,0.3833864208964663,1,1,1.0,1,-0.5632797704985655,-0.5632797704985655,1,0.426277190707517,0.08375214727411023,400,0.12266628813573002,400,1
c3,A,11,0.556575,honest-dominant,1.0,0,1110,0.7573000645371835,0,0,,1,0.8028693304333152,0.8028693304333152,1,0.08405717608788012,0.11177219160705713,400,0.12266628813573002,400,1
c3,A,12,0.59975,honest-dominant,1.0,0,1196,0.3096899114573154,0,0,,1,-0.7046719666997919,-0.7046719666997919,1,0.4855857953118958,0.0927441988740936,400,0.12266628813573002,400,1
c3,A,13,0.55935,honest-dominant,1.0,0,1133,0.7213029515034213,0,0,,1,0.8145195282470515,0.8145195282470515,1,0.07394654160514393,0.11681693215814151,400,0.12266628813573002,400,1
c3,A,14,0.523825,honest-dominant,1.0,0,1046,0.8193937634178022,0,0,,1,0.9034533965837286,0.9034533965837286,1,0.03878270228103189,0.12361341059272186,400,0.12266628813573002,400,1
c3,A,15,0.2453,honest-dominant,1.0,4,507,0.7873885177405193,82,60,0.7317073170731707,1,0.8147104044400276,0.8147104044400276,1,0.060436867021901805,0.13850061639904837,400,0.12266628813573002,400,1
c3,A,16,0.96695,honest-dominant,0.9545219504627954,0,1873,0.1863492593663302,0,0,,1,-0.917134982093638,-0.917134982093638,1,0.5957833651504909,0.12476044155094206,400,0.12266628813573002,400,1
c3,A,17,0.432275,honest-dominant,1.0,0,882,0.49650752671066434,0,0,,1,0.09663810398814991,0.09663810398814991,1,0.30066453046161956,0.07644146620588028,400,0.12266628813573002,400,1
c3,A,18,0.52085,honest-dominant,1.0,0,1012,0.7791496992460848,6,5,0.8333333333333334,1,0.8676826730167062,0.8676826730167062,1,0.050968622637523504,0.11875295775113177,400,0.12266628813573002,400,1
c3,A,19,1.0,honest-dominant,1.0,0,2000,0.2576954237228677,0,0,,1,-0.8619066994168713,-0.8619066994168713,1,0.5289103815390317,0.10313373821987566,400,0.12266628813573002,400,1
c3,A,20,0.710625,honest-dominant,1.0,0,1386,0.3073920543911674,1,1,1.0,1,-0.8294971218570116,-0.8294971218570116,1,0.4947790683872323,0.1040748712846699,400,0.12266628813573002,400,1
c3,A,21,0.508625,honest-dominant,1.0,0,1011,0.8089192038519194,0,0,,1,0.8975626722667016,0.8975626722667016,1,0.04240522816382088,0.13079938098701122,400,0.12266628813573002,400,1
c3,A,22,0.50355,honest-dominant,1.0,0,1044,0.19540300589614037,8,7,0.875,1,-0.8770806067537922,-0.8770806067537922,1,0.5895752975461231,0.12504852901871522,400,0.12266628813573002,400,1
c3,A,23,0.52395,honest-dominant,1.0,0,1261,0.1932199224785216,14,14,1.0,1,-0.8606995668722929,-0.8606995668722929,1,0.5883537746395074,0.12723707463611847,400,0.12266628813573002,400,1
c3,A,24,0.8214,honest-dominant,1.0,0,1642,0.2967210432367663,0,0,,1,-0.8042530890818067,-0.8042530890818067,1,0.49648746979578257,0.0924519224080438,400,0.12266628813573002,400,1
c3,A,25,0.292575,honest-dominant,1.0,3,611,0.29589200132572524,23,0,0.0,1,-0.6380889880561753,-0.6380889880561753,1,0.4950181343911561,0.11351292495914099,400,0.12266628813573002,400,1
c3,A,26,0.31325,honest-dominant,1.0,3,620,0.21870438183384072,60,60,1.0,1,-0.7898327489546809,-0.7898327489546809,1,0.5769269324312903,0.12204113524567764,400,0.12266628813573002,400,1
c3,A,27,0.925525,honest-dominant,0.9915993625239728,0,1747,0.8084811924546891,0,0,,1,0.9469499184369901,0.9469499184369901,1,0.029612650013399425,0.12894116521967264,400,0.12266628813573002,400,1
c3,A,28,0.9996,honest-dominant,1.0,0,1999,0.18878971489606294,0,0,,1,-0.9249498434365215,-0.9249498434365215,1,0.5946514394621848,0.12786789884628932,400,0.12266628813573002,400,1
c3,A,29,0.9772,honest-dominant,1.0,0,1987,0.5538635987720725,4,4,1.0,1,0.23294620591378692,0.23294620591378692,1,0.264037539630517,0.05588392509502078,400,0.12266628813573002,400,1
c3,B,0,1.0,honest-dominant,1.0,0,2000,0.355302966491556,0,0,,1,-0.6182397389983686,-0.6182397389983686,1,0.43357334392413094,0.07557196876525375,400,0.12266628813573002,400,1
c3,B,1,1.0,honest-dominant,1.0,0,2000,0.24820145083181488,0,0,,1,-0.8703961899761873,-0.8703961899761873,1,0.5357469852938341,0.10492764073912578,400,0.12266628813573002,400,1
c3,B,2,0.894525,honest-dominant,1.0,0,1778,0.7136262468661038,0,0,,1,0.8477811111319445,0.8477811111319445,1,0.10451378761869273,0.09736041541253852,400,0.12266628813573002,400,1
c3,B,3,1.0,honest-dominant,1.0,0,2000,0.7121172464734219,0,0,,1,0.8137337108356927,0.8137337108356927,1,0.10999295095097804,0.09149185379450239,400,0.12266628813573002,400,1
c3,B,4,1.0,honest-dominant,1.0,0,2000,0.7057534807388934,0,0,,1,0.8140813380083625,0.8140813380083625,1,0.11240040594105638,0.09088595406258718,400,0.12266628813573002,400,1
c3,B,5,1.0,honest-dominant,1.0,0,2000,0.19380811949948457,0,0,,1,-0.9245527159544746,-0.9245527159544746,1,0.588990347323786,0.12537338321560784,400,0.12266628813573002,400,1
c3,B,6,1.0,honest-dominant,1.0,0,2000,0.456921757295161,0,0,,1,-0.36580841130257064,-0.36580841130257064,1,0.3515313706172563,0.06069401262738919,400,0.12266628813573002,400,1
c3,B,7,0.999975,honest-dominant,1.0,0,2000,0.8130772100834565,1,1,1.0,1,0.9393879961749761,0.9393879961749761,1,0.03125703191036739,0.1286976536468244,400,0.12266628813573002,400,1
c3,B,8,1.0,honest-dominant,1.0,0,2000,0.357219194204167,0,0,,1,-0.7253608460052875,-0.7253608460052875,1,0.43872755817237674,0.07807468859752069,400,0.12266628813573002,400,1
c3,B,9,1.0,honest-dominant,1.0,0,2000,0.4796865725224186,0,0,,1,-0.10097913111956948,-0.10097913111956948,1,0.31992764313853733,0.05361738985333075,400,0.12266628813573002,400,1
c3,B,10,1.0,honest-dominant,1.0,0,2000,0.188785809581536,0,0,,1,-0.924798904993156,-0.924798904993156,1,0.594403173909608,0.12775893499698046,400,0.12266628813573002,400,1
c3,B,11,0.999975,honest-dominant,1.0,0,2000,0.28978826314212586,0,0,,1,-0.7868756679729247,-0.7868756679729247,1,0.4899721791700331,0.09424492976407056,400,0.12266628813573002,400,1
c3,B,12,1.0,honest-dominant,1.0,0,2000,0.7982131090029483,0,0,,1,0.9249104681904261,0.9249104681904261,1,0.03738610441400034,0.12362043540084049,400,0.12266628813573002,400,1
c3,B,13,1.0,honest-dominant,1.0,0,2000,0.188785809581536,0,0,,1,-0.924798904993156,-0.924798904993156,1,0.594403173909608,0.12775893499698046,400,0.12266628813573002,400,1
c3,B,14,1.0,honest-dominant,1.0,0,2000,0.6805231780456283,0,0,,1,0.7879785498659366,0.7879785498659366,1,0.12901821524407106,0.08990079291610975,400,0.12266628813573002,400,1
c3,B,15,1.0,honest-dominant,1.0,0,2000,0.44802250297376034,0,0,,1,-0.2819966999793748,-0.2819966999793748,1,0.3482952104906809,0.05827952585823593,400,0.12266628813573002,400,1
c3,B,16,1.0,honest-dominant,1.0,0,2000,0.5883570816967242,0,0,,1,0.48351527197044974,0.48351527197044974,1,0.22733049926561322,0.059852024317792706,400,0.12266628813573002,400,1
c3,B,17,1.0,honest-dominant,1.0,0,2000,0.8130772100834565,0,0,,1,0.9397217482609265,0.9397217482609265,1,0.031216140618913996,0.1287636877321209,400,0.12266628813573002,400,1
c3,B,18,1.0,honest-dominant,1.0,0,2000,0.7055278326804124,0,0,,1,0.8312915080719253,0.8312915080719253,1,0.11227541760308885,0.08953886382999435,400,0.12266628813573002,400,1
c3,B,19,1.0,honest-dominant,1.0,0,2000,0.2482782064137634,0,0,,1,-0.8830581441134007,-0.8830581441134007,1,0.5419006257564551,0.1094001205884094,400,0.12266628813573002,400,1
c3,B,20,1.0,honest-dominant,1.0,0,2000,0.31889507527298144,0,0,,1,-0.7813597584984905,-0.7813597584984905,1,0.47827086695383747,0.09012788875416188,400,0.12266628813573002,400,1
c3,B,21,0.65385,honest-dominant,1.0,30,1234,0.8099729274803018,544,444,0.8161764705882353,1,0.9265209157557235,0.9265209157557235,1,0.0357426644404413,0.1281697472057283,400,0.12266628813573002,400,1
c3,B,22,1.0,honest-dominant,1.0,0,2000,0.21590374113078376,0,0,,1,-0.903096019350121,-0.903096019350121,1,0.5727927754785089,0.12025250404737456,400,0.12266628813573002,400,1
c3,B,23,1.0,honest-dominant,1.0,0,2000,0.546082208286493,0,0,,1,0.3141182757392233,0.3141182757392233,1,0.2557443620339393,0.05246391013929565,400,0.12266628813573002,400,1
c3,B,24,0.0,abstention,,0,0,0.5,0,0,,0,,,1,0.30242684572844797,0.0,1,0.12266628813573002,400,1
c3,B,25,1.0,honest-dominant,1.0,0,2000,0.2135803745857742,0,0,,1,-0.8886462415390095,-0.8886462415390095,1,0.5695068489448118,0.1197781886983606,400,0.12266628813573002,400,1
c3,B,26,1.0,honest-dominant,1.0,0,2000,0.8130772100834565,0,0,,1,0.9397217482609265,0.9397217482609265,1,0.031216140618913996,0.1287636877321209,400,0.12266628813573002,400,1
c3,B,27,1.0,honest-dominant,1.0,0,2000,0.188785809581536,0,0,,1,-0.924798904993156,-0.924798904993156,1,0.594403173909608,0.12775893499698046,400,0.12266628813573002,400,1
c3,B,28,1.0,honest-dominant,1.0,0,2000,0.7433450123456964,0,0,,1,0.8767944799654996,0.8767944799654996,1,0.07885551474586851,0.10375205492462035,400,0.12266628813573002,400,1
c3,B,29,0.0,abstention,,3,0,0.5,60,60,1.0,0,,,1,0.30242684572844797,0.0,1,0.12266628813573002,400,1
c4,A,0,0.999925,honest-dominant,1.0,0,2000,0.188785809581536,0,0,,1,-0.9227324545778409,-0.9227324545778409,1,0.5934789487758516,0.12716223155275466,400,0.12266628813573002,400,1
c4,A,1,0.4439,honest-dominant,1.0,0,891,0.19397234692202442,0,0,,1,-0.8708056925355783,-0.8708056925355783,1,0.5938844183464823,0.12644385862462382,400,0.12266628813573002,400,1
c4,A,2,1.0,honest-dominant,1.0,0,2000,0.188785809581536,0,0,,1,-0.924798904993156,-0.924798904993156,1,0.594403173909608,0.12775893499698046,400,0.12266628813573002,400,1
c4,A,3,0.99935,honest-dominant,1.0,0,2000,0.7849424634927827,1,1,1.0,1,0.9381578009862561,0.9381578009862561,1,0.039473015427301715,0.12122950585807116,400,0.12266628813573002,400,1
c4,A,4,0.085775,honest-dominant,1.0,0,175,0.25962834703975063,0,0,,1,-0.6086229913936962,-0.6086229913936962,1,0.5442646705093095,0.14692602863882723,400,0.12266628813573002,400,1
c4,A,5,0.9948,honest-dominant,1.0,0,2000,0.45673627501094066,0,0,,1,-0.3770335439596497,-0.3770335439596497,1,0.35056087179796286,0.057725236961247164,400,0.12266628813573002,400,1
c4,A,6,0.996275,honest-dominant,1.0,0,2000,0.6507618751460403,4,4,1.0,1,0.7138210863817899,0.7138210863817899,1,0.1555601068038973,0.08306609261086527,400,0.12266628813573002,400,1
c4,A,7,0.992275,honest-dominant,1.0,0,1999,0.3013151895858105,0,0,,1,-0.852827892674329,-0.852827892674329,1,0.5044012773124861,0.0952219900195775,400,0.12266628813573002,400,1
c4,A,8,0.3947,honest-dominant,1.0,0,804,0.43118807124924563,0,0,,1,-0.2544214651341571,-0.2544214651341571,1,0.37270418554630536,0.08803917017809995,400,0.12266628813573002,400,1
c4,A,9,0.8001,honest-dominant,1.0,0,1589,0.7887158472088347,0,0,,1,0.9115061969137306,0.9115061969137306,1,0.04276671488755556,0.12080197406988227,400,0.12266628813573002,400,1
c4,B,0,0.95995,honest-dominant,1.0,0,1921,0.2039999931409604,0,0,,1,-0.9263795398721241,-0.9263795398721241,1,0.5937088105034555,0.1253084425033781,400,0.12266628813573002,400,1
c4,B,1,1.0,honest-dominant,1.0,0,2000,0.188785809581536,0,0,,1,-0.924798904993156,-0.924798904993156,1,0.594403173909608,0.12775893499698046,400,0.12266628813573002,400,1
c4,B,2,1.0,honest-dominant,1.0,0,2000,0.26812985744795104,0,0,,1,-0.8561723510771941,-0.8561723510771941,1,0.5298047665430675,0.10349532476329125,400,0.12266628813573002,400,1
c4,B,3,1.0,honest-dominant,1.0,0,2000,0.5898681071071458,0,0,,1,0.5638458365364782,0.5638458365364782,1,0.20414461951162471,0.06652333492306728,400,0.12266628813573002,400,1
c4,B,4,0.991325,honest-dominant,1.0,0,1958,0.20167990402896446,0,0,,1,-0.9147460296626853,-0.9147460296626853,1,0.5874207387149423,0.12474926410526017,400,0.12266628813573002,400,1
c4,B,5,1.0,honest-dominant,1.0,0,2000,0.4940752493272401,0,0,,1,-0.14983781148632178,-0.14983781148632178,1,0.32116186963108895,0.05311930512154671,400,0.12266628813573002,400,1
c4,B,6,1.0,honest-dominant,1.0,0,2000,0.4164512698376547,0,0,,1,-0.45978118613241326,-0.45978118613241326,1,0.374940480644309,0.06603062721233931,400,0.12266628813573002,400,1
c4,B,7,1.0,honest-dominant,1.0,0,2000,0.7699883004035566,0,0,,1,0.9081936137100857,0.9081936137100857,1,0.04996839742240537,0.1156709521953848,400,0.12266628813573002,400,1
c4,B,8,1.0,honest-dominant,1.0,0,2000,0.7703228463288762,0,0,,1,0.9064614778842368,0.9064614778842368,1,0.051873319485112555,0.1136024132947715,400,0.12266628813573002,400,1
c4,B,9,1.0,honest-dominant,1.0,0,2000,0.188785809581536,0,0,,1,-0.924798904993156,-0.924798904993156,1,0.594403173909608,0.12775893499698046,400,0.12266628813573002,400,1
c5,A,0,0.154,honest-dominant,1.0,0,282,0.38762294819877735,0,0,,1,-0.3282871767948549,-0.3282871767948549,1,0.4142491912282128,0.148542550986956,400,0.12266628813573002,400,1
c5,A,1,1.0,adversarial-dominant,0.0,0,159,0.8177375547790355,0,0,,1,0.0003615022593891211,0.0003615022593891211,1,0.13679827056512806,0.1217750592296354,400,0.12266628813573002,400,1
c5,A,2,0.54675,honest-dominant,1.0,0,1108,0.2076249425827013,0,0,,1,-0.897189169932312,-0.897189169932312,1,0.5898282120101033,0.12349640662443538,400,0.12266628813573002,400,1
c5,A,3,1.0,honest-dominant,1.0,0,2000,0.7023254330816497,0,0,,1,0.8087019293870586,0.8087019293870586,1,0.11413395886511363,0.09189748837299198,400,0.12266628813573002,400,1
c5,A,4,0.0,abstention,,0,0,0.5,0,0,,0,,,1,0.30242684572844797,0.0,1,0.12266628813573002,400,1
c5,A,5,0.162925,honest-dominant,1.0,0,329,0.7898968188354754,0,0,,1,0.751110381939887,0.751110381939887,1,0.07260673169411379,0.14457462570218396,400,0.12266628813573002,400,1
c5,A,6,1.0,honest-dominant,1.0,0,2000,0.6408781665802404,0,0,,1,0.6817017606360039,0.6817017606360039,1,0.165911897235336,0.08081669157629491,400,0.12266628813573002,400,1
c5,A,7,0.0,abstention,,0,0,0.5,0,0,,0,,,1,0.30242684572844797,0.0,1,0.12266628813573002,400,1
c5,A,8,0.2375,honest-dominant,1.0,0,482,0.4023124405247803,0,0,,1,-0.2454544090900568,-0.2454544090900568,1,0.3831710964221291,0.1017470873124845,400,0.12266628813573002,400,1
c5,A,9,0.11175,honest-dominant,1.0,0,229,0.4594518976178551,0,0,,1,-0.09618003862524141,-0.09618003862524141,1,0.3363752985123313,0.15450616490119498,400,0.12266628813573002,400,1
c5,B,0,1.0,honest-dominant,1.0,0,2000,0.5963581033944572,0,0,,1,0.4959060994131213,0.4959060994131213,1,0.22532878237523998,0.06508869348359163,400,0.12266628813573002,400,1
c5,B,1,1.0,honest-dominant,1.0,0,2000,0.4795091312556483,0,0,,1,-0.09104081900511878,-0.09104081900511878,1,0.32744126988787536,0.05834789979827478,400,0.12266628813573002,400,1
c5,B,2,1.0,honest-dominant,1.0,0,2000,0.6283871925416057,0,0,,1,0.4949717810736317,0.4949717810736317,1,0.18745805591111375,0.08464958732282091,400,0.12266628813573002,400,1
c5,B,3,0.0,abstention,,0,0,0.5,0,0,,0,,,1,0.30242684572844797,0.0,1,0.12266628813573002,400,1
c5,B,4,1.0,honest-dominant,1.0,0,2000,0.188785809581536,0,0,,1,-0.924798904993156,-0.924798904993156,1,0.594403173909608,0.12775893499698046,400,0.12266628813573002,400,1
c5,B,5,0.0,abstention,,0,0,0.5,0,0,,0,,,1,0.30242684572844797,0.0,1,0.12266628813573002,400,1
c5,B,6,1.0,honest-dominant,1.0,0,2000,0.188785809581536,0,0,,1,-0.924798904993156,-0.924798904993156,1,0.594403173909608,0.12775893499698046,400,0.12266628813573002,400,1
c5,B,7,1.0,honest-dominant,1.0,0,2000,0.8079949976254447,0,0,,1,0.9364039150244688,0.9364039150244688,1,0.03211037354632116,0.12780662040564564,400,0.12266628813573002,400,1
c5,B,8,1.0,honest-dominant,1.0,0,2000,0.7065366784518264,0,0,,1,0.8256694729342057,0.8256694729342057,1,0.1106849283700211,0.09132172262552013,400,0.12266628813573002,400,1
c5,B,9,1.0,honest-dominant,1.0,0,2000,0.5864305753484244,0,0,,1,0.5000300001875011,0.5000300001875011,1,0.22189778316497374,0.059418565663708324,400,0.12266628813573002,400,1
c6,A,0,0.994625,honest-dominant,1.0,0,1995,0.8137204198063337,0,0,,1,0.9350927193294957,0.9350927193294957,1,0.03211810358301526,0.12818102710921264,400,0.12266628813573002,400,1
c6,A,1,0.865375,adversarial-dominant,0.0,0,167,0.536820111566668,292,292,1.0,1,0.02716123225770161,0.02716123225770161,1,0.219863420149651,0.17051922401928926,400,0.12266628813573002,400,1
c6,A,2,0.78125,honest-dominant,1.0,0,1582,0.8228333827063935,0,0,,1,0.939513809461309,0.939513809461309,1,0.032220567313270096,0.13076734423814412,400,0.12266628813573002,400,1
c6,A,3,1.0,adversarial-dominant,0.0,0,159,0.20710788006219055,0,0,,1,0.01946937168357302,0.01946937168357302,1,0.5700121916972123,0.0890739806261953,400,0.12266628813573002,400,1
c6,A,4,0.0,abstention,,0,0,0.5,0,0,,0,,,1,0.30242684572844797,0.0,1,0.12266628813573002,400,1
c6,A,5,0.0,abstention,,0,0,0.5,0,0,,0,,,1,0.30242684572844797,0.0,1,0.12266628813573002,400,1
c6,A,6,0.48845,honest-dominant,1.0,0,989,0.8143610558215866,0,0,,1,0.9100485628035174,0.9100485628035174,1,0.0432371714730507,0.14072672852598567,400,0.12266628813573002,400,1
c6,A,7,0.204925,honest-dominant,1.0,0,432,0.7969536405856351,0,0,,1,0.7956154725967036,0.7956154725967036,1,0.06440222439318304,0.1458876717208214,400,0.12266628813573002,400,1
c6,A,8,0.0,abstention,,0,0,0.5,0,0,,0,,,1,0.30242684572844797,0.0,1,0.12266628813573002,400,1
c6,A,9,0.4601,honest-dominant,1.0,0,953,0.19773769263416893,0,0,,1,-0.882982581141132,-0.882982581141132,1,0.5857613557409802,0.12049488578624473,400,0.12266628813573002,400,1
c6,A,10,0.110025,honest-dominant,1.0,0,198,0.7667229715424339,0,0,,1,0.6668610428815179,0.6668610428815179,1,0.09325757759670729,0.16162525913424558,400,0.12266628813573002,400,1
c6,A,11,0.0,abstention,,0,0,0.5,0,0,,0,,,1,0.30242684572844797,0.0,1,0.12266628813573002,400,1
c6,A,12,1.0,honest-dominant,1.0,0,2000,0.809203076290785,0,0,,1,0.9397260607878799,0.9397260607878799,1,0.03127774001857599,0.1280738323003922,400,0.12266628813573002,400,1
c6,A,13,0.452125,honest-dominant,1.0,0,898,0.8050395224302485,0,0,,1,0.8934616466352914,0.8934616466352914,1,0.04368239635511239,0.13235403387660782,400,0.12266628813573002,400,1
c6,A,14,0.9576,honest-dominant,1.0,0,1909,0.8142909943988114,0,0,,1,0.9341752760954755,0.9341752760954755,1,0.03261130727046109,0.12716873134255477,400,0.12266628813573002,400,1
c6,A,15,0.998475,honest-dominant,1.0,0,2000,0.188785809581536,0,0,,1,-0.9271704198151238,-0.9271704198151238,1,0.5934386865383642,0.12775397386322945,400,0.12266628813573002,400,1
c6,A,16,0.0,abstention,,0,0,0.5,0,0,,0,,,1,0.30242684572844797,0.0,1,0.12266628813573002,400,1
c6,A,17,0.10845,honest-dominant,1.0,0,234,0.2245571269473526,0,0,,1,-0.6418733242082761,-0.6418733242082761,1,0.5448397863678973,0.13647986244186375,400,0.12266628813573002,400,1
c6,A,18,0.0,abstention,,0,0,0.5,0,0,,0,,,1,0.30242684572844797,0.0,1,0.12266628813573002,400,1
c6,A,19,0.0,abstention,,0,0,0.5,0,0,,0,,,1,0.30242684572844797,0.0,1,0.12266628813573002,400,1
c6,A,20,0.0,abstention,,0,0,0.5,0,0,,0,,,1,0.30242684572844797,0.0,1,0.12266628813573002,400,1
c6,A,21,0.0,abstention,,0,0,0.5,0,0,,0,,,1,0.30242684572844797,0.0,1,0.12266628813573002,400,1
c6,A,22,0.07155,honest-dominant,1.0,0,111,0.2538201873174971,0,0,,1,-0.5701263087641012,-0.5701263087641012,1,0.5437665662356275,0.1522943548750278,399,0.12266628813573002,400,1
c6,A,23,1.0,adversarial-dominant,0.0,0,159,0.46659949783630894,0,0,,1,0.017106106913168207,0.017106106913168207,1,0.34875414402587673,0.1644329127419358,400,0.12266628813573002,400,1
c6,A,24,0.21875,honest-dominant,1.0,0,364,0.17185919034025957,0,0,,1,-0.7856666604166276,-0.7856666604166276,1,0.5819434567526063,0.1294837621913618,400,0.12266628813573002,400,1
c6,A,25,0.0367,honest-dominant,1.0,0,67,0.7254561497170944,0,0,,1,0.4117273142871049,0.4117273142871049,1,0.1436175075466471,0.16211875685359053,346,0.12266628813573002,400,1
c6,A,26,0.1317,honest-dominant,1.0,0,272,0.29777733034267057,0,0,,1,-0.5589728685804286,-0.5589728685804286,1,0.4959644953721052,0.12852181980983698,400,0.12266628813573002,400,1
c6,A,27,0.0,abstention,,0,0,0.5,0,0,,0,,,1,0.30242684572844797,0.0,1,0.12266628813573002,400,1
c6,A,28,0.0,abstention,,0,0,0.5,0,0,,0,,,1,0.30242684572844797,0.0,1,0.12266628813573002,400,1
c6,A,29,0.0,abstention,,0,0,0.5,0,0,,0,,,1,0.30242684572844797,0.0,1,0.12266628813573002,400,1
c6,B,0,1.0,honest-dominant,1.0,0,2000,0.8130772100834565,0,0,,1,0.9397217482609265,0.9397217482609265,1,0.031216140618913996,0.1287636877321209,400,0.12266628813573002,400,1
c6,B,1,1.0,honest-dominant,1.0,0,2000,0.8130772100834565,0,0,,1,0.9396624978906118,0.9396624978906118,1,0.031247729655106263,0.1287241267783147,400,0.12266628813573002,400,1
c6,B,2,1.0,honest-dominant,1.0,0,2000,0.20267184406409294,0,0,,1,-0.9113601335008342,-0.9113601335008342,1,0.5817019663052156,0.12252113082005629,400,0.12266628813573002,400,1
c6,B,3,1.0,honest-dominant,1.0,0,2000,0.3745582655501798,0,0,,1,-0.6349944687154294,-0.6349944687154294,1,0.43300917500788283,0.08210149612287046,400,0.12266628813573002,400,1
c6,B,4,1.0,honest-dominant,1.0,0,2000,0.8126544591382269,0,0,,1,0.9388778054862843,0.9388778054862843,1,0.03154702424817475,0.1286715290065283,400,0.12266628813573002,400,1
c6,B,5,1.0,honest-dominant,1.0,0,2000,0.8130772100834565,0,0,,1,0.9397217482609265,0.9397217482609265,1,0.031216140618913996,0.1287636877321209,400,0.12266628813573002,400,1
c6,B,6,1.0,honest-dominant,1.0,0,2000,0.31286283170275925,0,0,,1,-0.7265846661541634,-0.7265846661541634,1,0.4858561564407954,0.09047320080688499,400,0.12266628813573002,400,1
c6,B,7,1.0,honest-dominant,1.0,0,2000,0.30215535386071146,0,0,,1,-0.7771199819998875,-0.7771199819998875,1,0.489928775920301,0.09122872068899088,400,0.12266628813573002,400,1
c6,B,8,0.937875,honest-dominant,1.0,0,1869,0.20562039624500056,0,0,,1,-0.9169647310295689,-0.9169647310295689,1,0.5955864253480833,0.13025358869699102,400,0.12266628813573002,400,1
c6,B,9,1.0,honest-dominant,0.9882,0,2000,0.7761956002655082,0,0,,1,0.917815423846399,0.917815423846399,1,0.04756417451551709,0.1158703464952809,400,0.12266628813573002,400,1
c6,B,10,1.0,honest-dominant,1.0,0,2000,0.8130772100834565,0,0,,1,0.9397217482609265,0.9397217482609265,1,0.031216140618913996,0.1287636877321209,400,0.12266628813573002,400,1
c6,B,11,1.0,honest-dominant,1.0,0,2000,0.4652410719130956,0,0,,1,-0.2769124182026137,-0.2769124182026137,1,0.3373031665275782,0.056754514412703114,400,0.12266628813573002,400,1
c6,B,12,1.0,honest-dominant,1.0,0,2000,0.19824437100791642,0,0,,1,-0.9094193088706803,-0.9094193088706803,1,0.5813734892390713,0.12257843199833539,400,0.12266628813573002,400,1
c6,B,13,0.0,abstention,,500,0,0.5,10000,10000,1.0,0,,,1,0.30242684572844797,0.0,1,0.12266628813573002,400,1
c6,B,14,1.0,honest-dominant,1.0,0,2000,0.408006757250633,0,0,,1,-0.5565604785029905,-0.5565604785029905,1,0.3875249657167072,0.06602125066033254,400,0.12266628813573002,400,1
c6,B,15,1.0,honest-dominant,0.969125,0,1875,0.43932824898880163,0,0,,1,-0.4222445765286033,-0.4222445765286033,1,0.37621352430699523,0.06220852191904095,400,0.12266628813573002,400,1
c6,B,16,1.0,honest-dominant,1.0,0,2000,0.7912157796720528,0,0,,1,0.9329424558903492,0.9329424558903492,1,0.03825441231260085,0.12279119801724313,400,0.12266628813573002,400,1
c6,B,17,0.97935,honest-dominant,1.0,0,1973,0.816930457062103,0,0,,1,0.9398803742523391,0.9398803742523391,1,0.03292896515500956,0.1258872845961759,400,0.12266628813573002,400,1
c6,B,18,1.0,honest-dominant,1.0,0,2000,0.6427089937500773,0,0,,1,0.7228301426883917,0.7228301426883917,1,0.17213131945617896,0.07581039826510091,400,0.12266628813573002,400,1
c6,B,19,1.0,honest-dominant,1.0,0,2000,0.47635319587253927,0,0,,1,-0.1896583728648304,-0.1896583728648304,1,0.3203358263737826,0.05331855660616361,400,0.12266628813573002,400,1
c6,B,20,1.0,honest-dominant,1.0,0,2000,0.43061127421640377,0,0,,1,-0.49467177919861993,-0.49467177919861993,1,0.37403179371423323,0.0636700098012885,400,0.12266628813573002,400,1
c6,B,21,0.0,abstention,,0,0,0.5,0,0,,0,,,1,0.30242684572844797,0.0,1,0.12266628813573002,400,1
c6,B,22,1.0,honest-dominant,1.0,0,2000,0.6873182800946761,0,0,,1,0.7827377046106537,0.7827377046106537,1,0.12956051073124386,0.08377797121291533,400,0.12266628813573002,400,1
c6,B,23,0.0,abstention,,0,0,0.5,0,0,,0,,,1,0.30242684572844797,0.0,1,0.12266628813573002,400,1
c6,B,24,1.0,honest-dominant,1.0,0,2000,0.8130772100834565,0,0,,1,0.9397217482609265,0.9397217482609265,1,0.031216140618913996,0.1287636877321209,400,0.12266628813573002,400,1
c6,B,25,0.0,abstention,,0,0,0.5,0,0,,0,,,1,0.30242684572844797,0.0,1,0.12266628813573002,400,1
c6,B,26,1.0,honest-dominant,1.0,0,2000,0.4436544392055814,0,0,,1,-0.2577574859842874,-0.2577574859842874,1,0.3486240322080912,0.056770970563051054,400,0.12266628813573002,400,1
c6,B,27,1.0,honest-dominant,1.0,0,2000,0.33045682904032747,0,0,,1,-0.7536513978212362,-0.7536513978212362,1,0.46519046617658,0.0848112034122926,400,0.12266628813573002,400,1
c6,B,28,0.0,abstention,,0,0,0.5,0,0,,0,,,1,0.30242684572844797,0.0,1,0.12266628813573002,400,1
c6,B,29,1.0,honest-dominant,1.0,0,2000,0.29032940077316277,0,0,,1,-0.7926921418258863,-0.7926921418258863,1,0.4952256519761471,0.0932961858640147,400,0.12266628813573002,400,1
c7,A,0,0.0,abstention,,0,0,0.5,0,0,,0,,,1,0.30242684572844797,0.0,1,0.12266628813573002,400,1
c7,A,1,0.960375,honest-dominant,1.0,0,1954,0.8059712012511573,0,0,,1,0.9487949299683122,0.9487949299683122,1,0.029444024355143456,0.1254254227327611,400,0.12266628813573002,400,1
c7,A,2,0.38845,adversarial-dominant,0.0,0,73,0.47713901467085085,79,79,1.0,1,0.08940716058557362,0.08940716058557362,1,0.3252702337001713,0.18724208583450805,306,0.12266628813573002,400,1
c7,A,3,0.0,abstention,,0,0,0.5,0,0,,0,,,1,0.30242684572844797,0.0,1,0.12266628813573002,400,1
c7,A,4,0.0,abstention,,0,0,0.5,0,0,,0,,,1,0.30242684572844797,0.0,1,0.12266628813573002,400,1
c7,A,5,0.0,abstention,,0,0,0.5,0,0,,0,,,1,0.30242684572844797,0.0,1,0.12266628813573002,400,1
c7,A,6,0.0,abstention,,0,0,0.5,0,0,,0,,,1,0.30242684572844797,0.0,1,0.12266628813573002,400,1
c7,A,7,0.0,abstention,,0,0,0.5,0,0,,0,,,1,0.30242684572844797,0.0,1,0.12266628813573002,400,1
c7,A,8,0.0,abstention,,0,0,0.5,0,0,,0,,,1,0.30242684572844797,0.0,1,0.12266628813573002,400,1
c7,A,9,0.0,abstention,,0,0,0.5,0,0,,0,,,1,0.30242684572844797,0.0,1,0.12266628813573002,400,1
c7,A,10,0.0,abstention,,0,0,0.5,0,0,,0,,,1,0.30242684572844797,0.0,1,0.12266628813573002,400,1
c7,A,11,0.0,abstention,,0,0,0.5,0,0,,0,,,1,0.30242684572844797,0.0,1,0.12266628813573002,400,1
c7,A,12,0.05455,honest-dominant,1.0,0,105,0.327361215391094,0,0,,1,-0.4128984705339113,-0.4128984705339113,1,0.471955826108912,0.14359830589288092,398,0.12266628813573002,400,1
c7,A,13,0.0,abstention,,0,0,0.5,0,0,,0,,,1,0.30242684572844797,0.0,1,0.12266628813573002,400,1
c7,A,14,0.62715,honest-dominant,1.0,0,1264,0.21027957747467338,0,0,,1,-0.8977649860311627,-0.8977649860311627,1,0.5946247432703717,0.12591654788892165,400,0.12266628813573002,400,1
c7,A,15,0.8305,honest-dominant,1.0,0,1656,0.19102624533861562,0,0,,1,-0.9328569553559709,-0.9328569553559709,1,0.5937319853384184,0.12546651469213996,400,0.12266628813573002,400,1
c7,A,16,0.06275,mixed,0.902788844621514,0,142,0.7036200441784066,0,0,,1,0.5438502419868657,0.5438502419868657,1,0.12729836086701427,0.1658650275728713,396,0.12266628813573002,400,1
c7,A,17,0.0,abstention,,0,0,0.5,0,0,,0,,,1,0.30242684572844797,0.0,1,0.12266628813573002,400,1
c7,A,18,0.0,abstention,,0,0,0.5,0,0,,0,,,1,0.30242684572844797,0.0,1,0.12266628813573002,400,1
c7,A,19,0.0,abstention,,0,0,0.5,0,0,,0,,,1,0.30242684572844797,0.0,1,0.12266628813573002,400,1
c7,A,20,0.0,abstention,,0,0,0.5,0,0,,0,,,1,0.30242684572844797,0.0,1,0.12266628813573002,400,1
c7,A,21,0.1434,honest-dominant,1.0,0,389,0.7246770880653364,0,0,,1,-0.42294208088800556,-0.42294208088800556,1,0.47629349896002743,0.2060244006071948,400,0.12266628813573002,400,1
c7,A,22,0.0,abstention,,0,0,0.5,0,0,,0,,,1,0.30242684572844797,0.0,1,0.12266628813573002,400,1
c7,A,23,0.044675,honest-dominant,1.0,0,76,0.2897899120471895,0,0,,1,-0.5016881934354074,-0.5016881934354074,1,0.5315643434824247,0.16205813976189953,353,0.12266628813573002,400,1
c7,A,24,0.0,abstention,,0,0,0.5,0,0,,0,,,1,0.30242684572844797,0.0,1,0.12266628813573002,400,1
c7,A,25,0.4478,honest-dominant,0.9999441715051363,0,863,0.20513735555412427,0,0,,1,-0.8835263345395907,-0.8835263345395907,1,0.5906065985207298,0.12866152324146887,400,0.12266628813573002,400,1
c7,A,26,0.42135,honest-dominant,0.9535421858312567,0,839,0.22615090796457338,0,0,,1,-0.8661337258357864,-0.8661337258357864,1,0.5868916152748966,0.13104636389864474,400,0.12266628813573002,400,1
c7,A,27,0.0,abstention,,0,0,0.5,0,0,,0,,,1,0.30242684572844797,0.0,1,0.12266628813573002,400,1
c7,A,28,0.0,abstention,,0,0,0.5,0,0,,0,,,1,0.30242684572844797,0.0,1,0.12266628813573002,400,1
c7,A,29,1.0,adversarial-dominant,0.0,0,159,0.9425845668143339,0,0,,1,-0.014150338439615245,-0.014150338439615245,1,0.14748886787132987,0.025375939157202633,400,0.12266628813573002,400,1
c7,B,0,1.0,honest-dominant,1.0,0,2000,0.8124501439771155,0,0,,1,0.939528434552716,0.939528434552716,1,0.031353401178435984,0.12867513702397973,400,0.12266628813573002,400,1
c7,B,1,1.0,honest-dominant,1.0,0,2000,0.8130772100834565,0,0,,1,0.9397217482609265,0.9397217482609265,1,0.031216140618913996,0.1287636877321209,400,0.12266628813573002,400,1
c7,B,2,0.0,abstention,,0,0,0.5,0,0,,0,,,1,0.30242684572844797,0.0,1,0.12266628813573002,400,1
c7,B,3,0.998925,honest-dominant,1.0,0,1998,0.1973238434699565,0,0,,1,-0.9326332664579152,-0.9326332664579152,1,0.5942343904973062,0.12641799135434295,400,0.12266628813573002,400,1
c7,B,4,1.0,honest-dominant,1.0,0,2000,0.5309983126788257,0,0,,1,0.1813674460465378,0.1813674460465378,1,0.28795900587523293,0.06081838013832053,400,0.12266628813573002,400,1
c7,B,5,0.9967,honest-dominant,1.0,0,1989,0.19074912261963445,0,0,,1,-0.9229064556653478,-0.9229064556653478,1,0.5945318566408776,0.12835900616781307,400,0.12266628813573002,400,1
c7,B,6,1.0,honest-dominant,1.0,0,2000,0.4408833544338974,0,0,,1,-0.4518975118594491,-0.4518975118594491,1,0.36020750700975,0.05982102575480096,400,0.12266628813573002,400,1
c7,B,7,0.950075,honest-dominant,1.0,0,1908,0.3987296545983138,0,0,,1,-0.5615680723004518,-0.5615680723004518,1,0.39661770624715503,0.06364995542075985,400,0.12266628813573002,400,1
c7,B,8,1.0,honest-dominant,1.0,0,2000,0.188785809581536,0,0,,1,-0.924798904993156,-0.924798904993156,1,0.594403173909608,0.12775893499698046,400,0.12266628813573002,400,1
c7,B,9,1.0,honest-dominant,1.0,0,2000,0.8130772100834565,0,0,,1,0.9397217482609265,0.9397217482609265,1,0.031216140618913996,0.1287636877321209,400,0.12266628813573002,400,1
c7,B,10,0.951425,honest-dominant,1.0,0,1920,0.8027119573433156,0,0,,1,0.9449444059025368,0.9449444059025368,1,0.03143514482559166,0.12916671933547588,400,0.12266628813573002,400,1
c7,B,11,1.0,honest-dominant,1.0,0,2000,0.24347701314826825,0,0,,1,-0.8934423340145875,-0.8934423340145875,1,0.5419203511976906,0.10709237760273903,400,0.12266628813573002,400,1
c7,B,12,1.0,honest-dominant,1.0,0,2000,0.29443360458345597,0,0,,1,-0.8051737198357489,-0.8051737198357489,1,0.5021329580539133,0.09558711341231516,400,0.12266628813573002,400,1
c7,B,13,0.0,abstention,,0,0,0.5,0,0,,0,,,1,0.30242684572844797,0.0,1,0.12266628813573002,400,1
c7,B,14,1.0,honest-dominant,1.0,0,2000,0.8130772100834565,0,0,,1,0.9397217482609265,0.9397217482609265,1,0.031216140618913996,0.1287636877321209,400,0.12266628813573002,400,1
c7,B,15,1.0,honest-dominant,1.0,0,2000,0.6802907658423999,0,0,,1,0.7522368889805561,0.7522368889805561,1,0.13117162098720048,0.09042937304912381,400,0.12266628813573002,400,1
c7,B,16,1.0,honest-dominant,1.0,0,2000,0.6667158213334355,0,0,,1,0.7318028237676485,0.7318028237676485,1,0.1515984783104041,0.07711188275731781,400,0.12266628813573002,400,1
c7,B,17,0.99955,honest-dominant,1.0,0,2000,0.25156631253426387,0,0,,1,-0.8707003168769805,-0.8707003168769805,1,0.5327127460849836,0.10611826927593869,400,0.12266628813573002,400,1
c7,B,18,1.0,honest-dominant,1.0,0,2000,0.8130772100834565,0,0,,1,0.9397217482609265,0.9397217482609265,1,0.031216140618913996,0.1287636877321209,400,0.12266628813573002,400,1
c7,B,19,0.0,abstention,,0,0,0.5,0,0,,0,,,1,0.30242684572844797,0.0,1,0.12266628813573002,400,1
c7,B,20,1.0,honest-dominant,1.0,0,2000,0.35548917497144145,0,0,,1,-0.657087169294808,-0.657087169294808,1,0.45004234285353584,0.08065484028133853,400,0.12266628813573002,400,1
c7,B,21,0.9999,honest-dominant,1.0,0,2000,0.8130772100834565,0,0,,1,0.9394689966812292,0.9394689966812292,1,0.03130419871600612,0.1287603014580111,400,0.12266628813573002,400,1
c7,B,22,0.9813,honest-dominant,1.0,0,1951,0.18985243155328602,0,0,,1,-0.9342823392646203,-0.9342823392646203,1,0.5968682937018454,0.12584137837607628,400,0.12266628813573002,400,1
c7,B,23,1.0,honest-dominant,1.0,0,2000,0.7000614599525101,0,0,,1,0.8169832936455851,0.8169832936455851,1,0.1210114426825345,0.0865892160270171,400,0.12266628813573002,400,1
c7,B,24,1.0,honest-dominant,1.0,0,2000,0.8130772100834565,0,0,,1,0.9397217482609265,0.9397217482609265,1,0.031216140618913996,0.1287636877321209,400,0.12266628813573002,400,1
c7,B,25,1.0,honest-dominant,1.0,0,2000,0.3374159515797635,0,0,,1,-0.6999538747117169,-0.6999538747117169,1,0.4513593939099092,0.07923018024754182,400,0.12266628813573002,400,1
c7,B,26,1.0,honest-dominant,1.0,0,2000,0.5075158734665178,0,0,,1,-0.032158700991881194,-0.032158700991881194,1,0.28992845098959946,0.051873088599505374,400,0.12266628813573002,400,1
c7,B,27,1.0,honest-dominant,1.0,0,2000,0.8130772100834565,0,0,,1,0.9397217482609265,0.9397217482609265,1,0.031216140618913996,0.1287636877321209,400,0.12266628813573002,400,1
c7,B,28,0.0,abstention,,0,0,0.5,0,0,,0,,,1,0.30242684572844797,0.0,1,0.12266628813573002,400,1
c7,B,29,1.0,honest-dominant,1.0,0,2000,0.8130772100834565,0,0,,1,0.9397217482609265,0.9397217482609265,1,0.031216140618913996,0.1287636877321209,400,0.12266628813573002,400,1
c8,A,0,0.0,abstention,,0,0,0.5,0,0,,0,,,1,0.30242684572844797,0.0,1,0.12266628813573002,400,1
c8,A,1,0.0,abstention,,0,0,0.5,0,0,,0,,,1,0.30242684572844797,0.0,1,0.12266628813573002,400,1
c8,A,2,0.0,abstention,,0,0,0.5,0,0,,0,,,1,0.30242684572844797,0.0,1,0.12266628813573002,400,1
c8,A,3,0.0,abstention,,0,0,0.5,0,0,,0,,,1,0.30242684572844797,0.0,1,0.12266628813573002,400,1
c8,A,4,0.0,abstention,,0,0,0.5,0,0,,0,,,1,0.30242684572844797,0.0,1,0.12266628813573002,400,1
c8,A,5,1.0,honest-dominant,1.0,0,2000,0.7247410099219588,0,0,,1,0.8444587778673616,0.8444587778673616,1,0.09707436417644896,0.09644457409340526,400,0.12266628813573002,400,1
c8,A,6,0.0,abstention,,0,0,0.5,0,0,,0,,,1,0.30242684572844797,0.0,1,0.12266628813573002,400,1
c8,A,7,0.985025,honest-dominant,1.0,0,1972,0.8052227827133154,0,0,,1,0.9474434215213844,0.9474434215213844,1,0.029476401416914447,0.12842742939397944,400,0.12266628813573002,400,1
c8,A,8,0.0,abstention,,0,0,0.5,0,0,,0,,,1,0.30242684572844797,0.0,1,0.12266628813573002,400,1
c8,A,9,0.0,abstention,,0,0,0.5,0,0,,0,,,1,0.30242684572844797,0.0,1,0.12266628813573002,400,1
c8,A,10,0.17625,honest-dominant,1.0,0,336,0.20807036966859935,0,0,,1,-0.767781861136632,-0.767781861136632,1,0.5764331633281953,0.14766880241201394,400,0.12266628813573002,400,1
c8,A,11,0.0,abstention,,0,0,0.5,0,0,,0,,,1,0.30242684572844797,0.0,1,0.12266628813573002,400,1
c8,A,12,0.04855,honest-dominant,1.0,0,93,0.33666669876467326,0,0,,1,-0.4648926381384193,-0.4648926381384193,1,0.505475535606294,0.1679771345400578,374,0.12266628813573002,400,1
c8,A,13,0.0,abstention,,0,0,0.5,0,0,,0,,,1,0.30242684572844797,0.0,1,0.12266628813573002,400,1
c8,A,14,0.0,abstention,,0,0,0.5,0,0,,0,,,1,0.30242684572844797,0.0,1,0.12266628813573002,400,1
c8,A,15,0.0,abstention,,0,0,0.5,0,0,,0,,,1,0.30242684572844797,0.0,1,0.12266628813573002,400,1
c8,A,16,0.0,abstention,,0,0,0.5,0,0,,0,,,1,0.30242684572844797,0.0,1,0.12266628813573002,400,1
c8,A,17,0.0,abstention,,0,0,0.5,0,0,,0,,,1,0.30242684572844797,0.0,1,0.12266628813573002,400,1
c8,A,18,0.0,abstention,,0,0,0.5,0,0,,0,,,1,0.30242684572844797,0.0,1,0.12266628813573002,400,1
c8,A,19,1.0,honest-dominant,1.0,0,2000,0.8130772100834565,0,0,,1,0.9397217482609265,0.9397217482609265,1,0.031216140618913996,0.1287636877321209,400,0.12266628813573002,400,1
c8,A,20,1.0,adversarial-dominant,0.0,0,159,0.9425845668143339,0,0,,1,-0.014150338439615245,-0.014150338439615245,1,0.14748886787132987,0.025375939157202633,400,0.12266628813573002,400,1
c8,A,21,0.091325,honest-dominant,1.0,0,190,0.723359646215078,0,0,,1,0.645752657032741,0.645752657032741,1,0.10229765516308426,0.15879241820179296,398,0.12266628813573002,400,1
c8,A,22,0.124525,honest-dominant,1.0,0,243,0.23506514231202896,0,0,,1,-0.6762844767779798,-0.6762844767779798,1,0.5655026019883203,0.14645175491748536,400,0.12266628813573002,400,1
c8,A,23,0.0,abstention,,0,0,0.5,0,0,,0,,,1,0.30242684572844797,0.0,1,0.12266628813573002,400,1
c8,A,24,0.11075,honest-dominant,1.0,0,164,0.7685432748078863,0,0,,1,0.6572291076819229,0.6572291076819229,1,0.09810796460757451,0.16161315109683305,400,0.12266628813573002,400,1
c8,A,25,0.14435,honest-dominant,1.0,0,266,0.3791645677994452,0,0,,1,-0.30585584909905683,-0.30585584909905683,1,0.4066664679726986,0.13288433906491187,400,0.12266628813573002,400,1
c8,A,26,0.0,abstention,,0,0,0.5,0,0,,0,,,1,0.30242684572844797,0.0,1,0.12266628813573002,400,1
c8,A,27,0.099825,honest-dominant,1.0,0,235,0.5412438620431075,0,0,,1,0.15560778504865652,0.15560778504865652,1,0.27370427355683574,0.14387372043289876,400,0.12266628813573002,400,1
c8,A,28,0.0,abstention,,0,0,0.5,0,0,,0,,,1,0.30242684572844797,0.0,1,0.12266628813573002,400,1
c8,A,29,0.0,abstention,,0,0,0.5,0,0,,0,,,1,0.30242684572844797,0.0,1,0.12266628813573002,400,1
c8,B,0,0.0,abstention,,0,0,0.5,0,0,,0,,,1,0.30242684572844797,0.0,1,0.12266628813573002,400,1
c8,B,1,0.985775,honest-dominant,1.0,0,1973,0.8121363456232888,0,0,,1,0.9380263626647666,0.9380263626647666,1,0.031609412550736585,0.12881030246330097,400,0.12266628813573002,400,1
c8,B,2,1.0,honest-dominant,1.0,0,2000,0.5100085428265715,0,0,,1,0.07307351920949505,0.07307351920949505,1,0.3018262238176296,0.05663003172890395,400,0.12266628813573002,400,1
c8,B,3,1.0,honest-dominant,1.0,0,2000,0.8075260778289737,0,0,,1,0.9355777848611553,0.9355777848611553,1,0.032056207106927005,0.1268988767971942,400,0.12266628813573002,400,1
c8,B,4,0.0,abstention,,0,0,0.5,0,0,,0,,,1,0.30242684572844797,0.0,1,0.12266628813573002,400,1
c8,B,5,0.0,abstention,,0,0,0.5,0,0,,0,,,1,0.30242684572844797,0.0,1,0.12266628813573002,400,1
c8,B,6,0.0,abstention,,0,0,0.5,0,0,,0,,,1,0.30242684572844797,0.0,1,0.12266628813573002,400,1
c8,B,7,1.0,honest-dominant,1.0,0,2000,0.46623759416594945,0,0,,1,-0.29117581984887403,-0.29117581984887403,1,0.3374004319175302,0.05388567635170847,400,0.12266628813573002,400,1
c8,B,8,0.999975,honest-dominant,0.9986249656241406,0,2000,0.19199280838846866,0,0,,1,-0.9231573322333264,-0.9231573322333264,1,0.5911078515174666,0.12689855165823505,400,0.12266628813573002,400,1
c8,B,9,1.0,honest-dominant,0.998375,0,2000,0.804695238031826,0,0,,1,0.9433272082950518,0.9433272082950518,1,0.03212189251947896,0.12848016374215573,400,0.12266628813573002,400,1
c8,B,10,1.0,honest-dominant,1.0,0,2000,0.6029625008276014,0,0,,1,0.5285440534003337,0.5285440534003337,1,0.2175984574029799,0.0638917551247266,400,0.12266628813573002,400,1
c8,B,11,1.0,honest-dominant,0.999425,0,2000,0.8130772100834565,0,0,,1,0.9410410065062905,0.9410410065062905,1,0.030750466066399182,0.1272892044309743,400,0.12266628813573002,400,1
c8,B,12,1.0,honest-dominant,1.0,0,2000,0.6654048362908335,0,0,,1,0.5414167588547428,0.5414167588547428,1,0.17875385344732841,0.08884657853258891,400,0.12266628813573002,400,1
c8,B,13,1.0,honest-dominant,1.0,0,2000,0.2814060957742196,0,0,,1,-0.8155363471021694,-0.8155363471021694,1,0.511605320079137,0.09900942288518172,400,0.12266628813573002,400,1
c8,B,14,1.0,honest-dominant,1.0,0,2000,0.568858537686704,0,0,,1,0.4499201245007781,0.4499201245007781,1,0.22972036223257988,0.055415096321792395,400,0.12266628813573002,400,1
c8,B,15,0.89555,honest-dominant,1.0,0,1852,0.8169657540733113,0,0,,1,0.9370554815967599,0.9370554815967599,1,0.03248476534714894,0.12959387961364893,400,0.12266628813573002,400,1
c8,B,16,0.995325,honest-dominant,1.0,0,1993,0.45955379009975433,0,0,,1,-0.20649747810923816,-0.20649747810923816,1,0.3450986011680369,0.06027078025409507,400,0.12266628813573002,400,1
c8,B,17,1.0,honest-dominant,1.0,0,2000,0.6132899034464454,0,0,,1,0.5008771304820655,0.5008771304820655,1,0.20533797169909512,0.06591580449967306,400,0.12266628813573002,400,1
c8,B,18,1.0,honest-dominant,1.0,0,2000,0.6547681526616161,0,0,,1,0.6994241839011492,0.6994241839011492,1,0.16261894904336763,0.07360110806055294,400,0.12266628813573002,400,1
c8,B,19,1.0,honest-dominant,1.0,0,2000,0.8130772100834565,0,0,,1,0.9397217482609265,0.9397217482609265,1,0.031216140618913996,0.1287636877321209,400,0.12266628813573002,400,1
c8,B,20,1.0,honest-dominant,0.971,0,2000,0.2513351246977535,0,0,,1,-0.8799883749273433,-0.8799883749273433,1,0.5386566678835443,0.11033484046868182,400,0.12266628813573002,400,1
c8,B,21,0.0,abstention,,0,0,0.5,0,0,,0,,,1,0.30242684572844797,0.0,1,0.12266628813573002,400,1
c8,B,22,0.9985,honest-dominant,1.0,0,2000,0.6842287286236479,0,0,,1,0.7783162394764966,0.7783162394764966,1,0.13515954759682125,0.08250708754186944,400,0.12266628813573002,400,1
c8,B,23,0.0,abstention,,0,0,0.5,0,0,,0,,,1,0.30242684572844797,0.0,1,0.12266628813573002,400,1
c8,B,24,1.0,honest-dominant,1.0,0,2000,0.188785809581536,0,0,,1,-0.924798904993156,-0.924798904993156,1,0.594403173909608,0.12775893499698046,400,0.12266628813573002,400,1
c8,B,25,1.0,honest-dominant,1.0,0,2000,0.3656133988570616,0,0,,1,-0.700500253126582,-0.700500253126582,1,0.43444541207247694,0.07706096334436108,400,0.12266628813573002,400,1
c8,B,26,1.0,honest-dominant,1.0,0,2000,0.7493043032318902,0,0,,1,0.8909376933605835,0.8909376933605835,1,0.06534302846986448,0.11173167927678715,400,0.12266628813573002,400,1
c8,B,27,1.0,honest-dominant,1.0,0,2000,0.6368263780211217,0,0,,1,0.6974940468377926,0.6974940468377926,1,0.1748319372303396,0.07561717830862412,400,0.12266628813573002,400,1
c8,B,28,0.999975,honest-dominant,1.0,0,2000,0.5328714782972652,0,0,,1,0.15861192882455513,0.15861192882455513,1,0.2776467246227164,0.06116398119703791,400,0.12266628813573002,400,1
c8,B,29,0.99755,honest-dominant,1.0,0,1993,0.28362297258906305,0,0,,1,-0.8323280145500909,-0.8323280145500909,1,0.507863887182317,0.09395567314016405,400,0.12266628813573002,400,1
c9,A,0,0.0,abstention,,0,0,0.5,0,0,,0,,,1,0.30242684572844797,0.0,1,0.12266628813573002,400,1
c9,A,1,0.1121,honest-dominant,1.0,0,198,0.2291835433737175,0,0,,1,-0.5997922487015543,-0.5997922487015543,1,0.5507358731867985,0.1417703405989566,400,0.12266628813573002,400,1
c9,A,2,0.0,abstention,,0,0,0.5,0,0,,0,,,1,0.30242684572844797,0.0,1,0.12266628813573002,400,1
c9,A,3,0.07145,honest-dominant,1.0,0,219,0.7171885660123485,0,0,,1,0.5895728706427786,0.5895728706427786,1,0.10921466936934957,0.16263252337264206,391,0.12266628813573002,400,1
c9,A,4,0.0,abstention,,0,0,0.5,0,0,,0,,,1,0.30242684572844797,0.0,1,0.12266628813573002,400,1
c9,A,5,0.0,abstention,,0,0,0.5,0,0,,0,,,1,0.30242684572844797,0.0,1,0.12266628813573002,400,1
c9,A,6,0.0,abstention,,0,0,0.5,0,0,,0,,,1,0.30242684572844797,0.0,1,0.12266628813573002,400,1
c9,A,7,0.0,abstention,,0,0,0.5,0,0,,0,,,1,0.30242684572844797,0.0,1,0.12266628813573002,400,1
c9,A,8,0.0,abstention,,0,0,0.5,0,0,,0,,,1,0.30242684572844797,0.0,1,0.12266628813573002,400,1
c9,A,9,0.0,abstention,,0,0,0.5,0,0,,0,,,1,0.30242684572844797,0.0,1,0.12266628813573002,400,1
c9,A,10,0.0,abstention,,0,0,0.5,0,0,,0,,,1,0.30242684572844797,0.0,1,0.12266628813573002,400,1
c9,A,11,0.9966,honest-dominant,1.0,0,1976,0.7672216239586671,0,0,,1,0.9053424708904431,0.9053424708904431,1,0.055575683218085904,0.11592949389473137,400,0.12266628813573002,400,1
c9,A,12,0.0,abstention,,0,0,0.5,0,0,,0,,,1,0.30242684572844797,0.0,1,0.12266628813573002,400,1
c9,A,13,0.106275,honest-dominant,1.0,0,227,0.2569173587384779,0,0,,1,-0.6555475971724823,-0.6555475971724823,1,0.5424134954236413,0.13784774678936673,400,0.12266628813573002,400,1
c9,A,14,0.0,abstention,,0,0,0.5,0,0,,0,,,1,0.30242684572844797,0.0,1,0.12266628813573002,400,1
c9,A,15,0.0,abstention,,0,0,0.5,0,0,,0,,,1,0.30242684572844797,0.0,1,0.12266628813573002,400,1
c9,A,16,0.0,abstention,,0,0,0.5,0,0,,0,,,1,0.30242684572844797,0.0,1,0.12266628813573002,400,1
c9,A,17,0.0,abstention,,0,0,0.5,0,0,,0,,,1,0.30242684572844797,0.0,1,0.12266628813573002,400,1
c9,A,18,0.0,abstention,,0,0,0.5,0,0,,0,,,1,0.30242684572844797,0.0,1,0.12266628813573002,400,1
c9,A,19,0.723075,honest-dominant,1.0,0,1443,0.8096439647114583,0,0,,1,0.9294673091706823,0.9294673091706823,1,0.03404861856227341,0.13200461051141674,400,0.12266628813573002,400,1
c9,A,20,0.1155,honest-dominant,1.0,0,281,0.7674688901543105,0,0,,1,0.7010325689535558,0.7010325689535558,1,0.08448323778531584,0.14844875580468866,400,0.12266628813573002,400,1
c9,A,21,0.0,abstention,,0,0,0.5,0,0,,0,,,1,0.30242684572844797,0.0,1,0.12266628813573002,400,1
c9,A,22,0.0,abstention,,0,0,0.5,0,0,,0,,,1,0.30242684572844797,0.0,1,0.12266628813573002,400,1
c9,A,23,0.0,abstention,,0,0,0.5,0,0,,0,,,1,0.30242684572844797,0.0,1,0.12266628813573002,400,1
c9,A,24,0.0,abstention,,0,0,0.5,0,0,,0,,,1,0.30242684572844797,0.0,1,0.12266628813573002,400,1
c9,A,25,0.0,abstention,,0,0,0.5,0,0,,0,,,1,0.30242684572844797,0.0,1,0.12266628813573002,400,1
c9,A,26,0.070475,honest-dominant,1.0,0,181,0.747970612478733,0,0,,1,0.583749085931787,0.583749085931787,1,0.11011855332880623,0.1623006942368976,400,0.12266628813573002,400,1
c9,A,27,0.0,abstention,,0,0,0.5,0,0,,0,,,1,0.30242684572844797,0.0,1,0.12266628813573002,400,1
c9,A,28,0.0,abstention,,0,0,0.5,0,0,,0,,,1,0.30242684572844797,0.0,1,0.12266628813573002,400,1
c9,A,29,0.0,abstention,,0,0,0.5,0,0,,0,,,1,0.30242684572844797,0.0,1,0.12266628813573002,400,1
c9,B,0,1.0,honest-dominant,1.0,0,2000,0.3921242388925529,0,0,,1,-0.6375836723979524,-0.6375836723979524,1,0.4106738795249174,0.0710531253569283,400,0.12266628813573002,400,1
c9,B,1,0.975275,honest-dominant,1.0,0,1949,0.8113071493839501,0,0,,1,0.9377638610241313,0.9377638610241313,1,0.031850673226372764,0.12960604001480092,400,0.12266628813573002,400,1
c9,B,2,0.99995,honest-dominant,1.0,0,2000,0.1911441909406683,0,0,,1,-0.9238878367989799,-0.9238878367989799,1,0.5920851858437094,0.1272164457155133,400,0.12266628813573002,400,1
c9,B,3,1.0,honest-dominant,1.0,0,2000,0.7622558250149823,0,0,,1,0.9059608497553109,0.9059608497553109,1,0.06071183671765954,0.1140434711824984,400,0.12266628813573002,400,1
c9,B,4,0.998125,honest-dominant,1.0,0,1997,0.2941064177044508,0,0,,1,-0.8167920424502652,-0.8167920424502652,1,0.49395716749434165,0.09111500335040337,400,0.12266628813573002,400,1
c9,B,5,1.0,honest-dominant,1.0,0,2000,0.8130772100834565,0,0,,1,0.9397217482609265,0.9397217482609265,1,0.031216140618913996,0.1287636877321209,400,0.12266628813573002,400,1
c9,B,6,1.0,honest-dominant,1.0,0,2000,0.7347204626593486,0,0,,1,0.8683006768792305,0.8683006768792305,1,0.08749747686745128,0.09989087289523281,400,0.12266628813573002,400,1
c9,B,7,1.0,honest-dominant,1.0,0,2000,0.2013072946388942,0,0,,1,-0.9138960868505428,-0.9138960868505428,1,0.5831482997709927,0.12296109752340736,400,0.12266628813573002,400,1
c9,B,8,1.0,honest-dominant,1.0,0,2000,0.22208899025150353,0,0,,1,-0.9008079425496408,-0.9008079425496408,1,0.5653590866515608,0.11863432554343933,400,0.12266628813573002,400,1
c9,B,9,1.0,honest-dominant,1.0,0,2000,0.6217949210563118,0,0,,1,0.5970830442690267,0.5970830442690267,1,0.1997245473700682,0.06912932859483979,400,0.12266628813573002,400,1
c9,B,10,0.999925,honest-dominant,1.0,0,2000,0.188785809581536,0,0,,1,-0.9244490278064237,-0.9244490278064237,1,0.5944790853711153,0.12772545329051893,400,0.12266628813573002,400,1
c9,B,11,0.0,abstention,,400,0,0.5,8000,8000,1.0,0,,,1,0.30242684572844797,0.0,1,0.12266628813573002,400,1
c9,B,12,1.0,honest-dominant,1.0,0,2000,0.4400352158457556,0,0,,1,-0.2876014850092813,-0.2876014850092813,1,0.3580212047137249,0.059969161188087934,400,0.12266628813573002,400,1
c9,B,13,1.0,honest-dominant,0.984625,0,2000,0.20232775057999394,0,0,,1,-0.9305285658035362,-0.9305285658035362,1,0.5871949267005785,0.12261419878874949,400,0.12266628813573002,400,1
c9,B,14,1.0,honest-dominant,1.0,0,2000,0.7583255290799091,0,0,,1,0.9161824761404758,0.9161824761404758,1,0.056500948622620985,0.11470440391981632,400,0.12266628813573002,400,1
c9,B,15,1.0,honest-dominant,1.0,0,2000,0.5742418779496037,0,0,,1,0.42879567997299983,0.42879567997299983,1,0.23478834875933033,0.056470683482417836,400,0.12266628813573002,400,1
c9,B,16,1.0,honest-dominant,1.0,0,2000,0.311687721623213,0,0,,1,-0.7461877261732885,-0.7461877261732885,1,0.47988499967606285,0.08762944923648597,400,0.12266628813573002,400,1
c9,B,17,0.0,abstention,,0,0,0.5,0,0,,0,,,1,0.30242684572844797,0.0,1,0.12266628813573002,400,1
c9,B,18,0.99975,honest-dominant,1.0,0,2000,0.6351716017207768,0,0,,1,0.6285943037143982,0.6285943037143982,1,0.18278164291388688,0.07484305058610272,400,0.12266628813573002,400,1
c9,B,19,0.0,abstention,,0,0,0.5,0,0,,0,,,1,0.30242684572844797,0.0,1,0.12266628813573002,400,1
c9,B,20,0.999425,honest-dominant,1.0,0,1998,0.8145148310631314,0,0,,1,0.9473414208838805,0.9473414208838805,1,0.029871695554092116,0.1271987394020214,400,0.12266628813573002,400,1
c9,B,21,1.0,honest-dominant,1.0,0,2000,0.4140768794527158,0,0,,1,-0.38919393246207784,-0.38919393246207784,1,0.3678896067462824,0.05696639110891196,400,0.12266628813573002,400,1
c9,B,22,1.0,honest-dominant,1.0,0,2000,0.6471258301855006,0,0,,1,0.7255239720248251,0.7255239720248251,1,0.16435195463715055,0.08077933499662149,400,0.12266628813573002,400,1
c9,B,23,1.0,honest-dominant,1.0,0,2000,0.8130772100834565,0,0,,1,0.9397217482609265,0.9397217482609265,1,0.031216140618913996,0.1287636877321209,400,0.12266628813573002,400,1
c9,B,24,1.0,honest-dominant,1.0,0,2000,0.775785358669468,0,0,,1,0.9051202820017624,0.9051202820017624,1,0.05112334133454213,0.11519240593008194,400,0.12266628813573002,400,1
c9,B,25,1.0,honest-dominant,1.0,0,2000,0.351059037554475,0,0,,1,-0.7261586634916467,-0.7261586634916467,1,0.44294095849517406,0.07818056866530887,400,0.12266628813573002,400,1
c9,B,26,0.0,abstention,,0,0,0.5,0,0,,0,,,1,0.30242684572844797,0.0,1,0.12266628813573002,400,1
c9,B,27,1.0,honest-dominant,1.0,0,2000,0.7710630653744148,0,0,,1,0.9169891061819135,0.9169891061819135,1,0.05190962311791896,0.11649695824216355,400,0.12266628813573002,400,1
c9,B,28,1.0,honest-dominant,1.0,0,2000,0.2835490008682007,0,0,,1,-0.8188262426640165,-0.8188262426640165,1,0.5084723171334751,0.09714675898741736,400,0.12266628813573002,400,1
c9,B,29,1.0,honest-dominant,1.0,0,2000,0.8130772100834565,0,0,,1,0.9397217482609265,0.9397217482609265,1,0.031216140618913996,0.1287636877321209,400,0.12266628813573002,400,1
