config,arm,seed,rho,tau_a,score_std,collapsed
c1,A,0,-0.751618885118032,-0.548546365914787,0.12890977494877368,0
c1,A,1,,0.0,0.0,1
c1,A,2,,0.0,0.0,1
c1,A,3,-0.8498582491140569,-0.6571929824561403,0.13066329870780266,0
c1,A,4,0.9019906999418746,0.7323558897243108,0.13085338501307395,0
c1,A,5,0.5085760145914677,0.3545112781954887,0.17282335113365363,0
c1,A,6,-0.7324183901149381,-0.5450125313283208,0.09242362555676079,0
c1,A,7,-0.8139397746235914,-0.6262406015037594,0.1334629858819574,0
c1,A,8,,0.0,0.0,1
c1,A,9,-0.7305394408715055,-0.5363157894736842,0.14108878644888034,0
c1,A,10,-0.46973422140309706,-0.32649122807017544,0.1345932063774297,0
c1,A,11,,0.0,0.0,1
c1,A,12,0.5861597884986781,0.41268170426065165,0.15224167840151592,0
c1,A,13,-0.562136763354771,-0.42273182957393485,0.1336130650114975,0
c1,A,14,,0.0,0.0,1
c1,A,15,,0.0,0.0,1
c1,A,16,0.9460367877299232,0.7983709273182957,0.12895266256325955,0
c1,A,17,,0.0,0.0,1
c1,A,18,,0.0,0.0,1
c1,A,19,-0.9084298651866572,-0.7439849624060151,0.12711611037572804,0
c1,A,20,,0.0,0.0,1
c1,A,21,,0.0,0.0,1
c1,A,22,0.8212258826617664,0.6306015037593985,0.1410131605566093,0
c1,A,23,,0.0,0.0,1
c1,A,24,-0.27604466277914236,-0.1855639097744361,0.17118415147112753,0
c1,A,25,,0.0,0.0,1
c1,A,26,-0.9151412821330134,-0.7505513784461153,0.1264937422502984,0
c1,A,27,,0.0,0.0,1
c1,A,28,,0.0,0.0,1
c1,A,29,,0.0,0.0,1
c1,B,0,0.9265212907580672,0.7710776942355889,0.13244101140930792,0
c1,B,1,-0.924798904993156,-0.7687468671679198,0.12775893499698046,0
c1,B,2,0.573613710085688,0.40588972431077697,0.06574577355572771,0
c1,B,3,-0.9146639041494008,-0.7515037593984962,0.12289754223348141,0
c1,B,4,0.7549528434552715,0.5635087719298245,0.08768746550067034,0
c1,B,5,-0.26196688729304557,-0.17842105263157895,0.055897053381079906,0
c1,B,6,-0.924798904993156,-0.7687468671679198,0.12775893499698046,0
c1,B,7,-0.5701830011437571,-0.4012531328320802,0.06967754524430637,0
c1,B,8,-0.7296932480828004,-0.5404761904761904,0.08357490914733622,0
c1,B,9,0.9397217482609265,0.7923809523809524,0.1287636877321209,0
c1,B,10,0.9145937787111168,0.7476190476190476,0.11605893269700175,0
c1,B,11,0.9397217482609265,0.7923809523809524,0.1287636877321209,0
c1,B,12,0.9344357152232201,0.7837844611528823,0.12951819307673584,0
c1,B,13,0.9304951905949412,0.7745112781954887,0.12248064783106266,0
c1,B,14,0.9263540397127482,0.766265664160401,0.11879341855579444,0
c1,B,15,0.6481906136913356,0.46649122807017546,0.07382998940053309,0
c1,B,16,0.9397217482609265,0.7923809523809524,0.1287636877321209,0
c1,B,17,-0.924798904993156,-0.7687468671679198,0.12775893499698046,0
c1,B,18,0.9397217482609265,0.7923809523809524,0.1287636877321209,0
c1,B,19,,0.0,0.0,1
c1,B,20,-0.9277501734385838,-0.7722556390977443,0.12545220114949823,0
c1,B,21,-0.5523760148500928,-0.3890977443609023,0.06937994945876448,0
c1,B,22,0.9042508390677441,0.7330576441102757,0.11368498799276207,0
c1,B,23,-0.6282140513378209,-0.45481203007518795,0.07992362068947909,0
c1,B,24,0.9397217482609265,0.7923809523809524,0.1287636877321209,0
c1,B,25,-0.8960259126619541,-0.7212781954887219,0.11599935970679914,0
c1,B,26,0.5486308664429151,0.39110275689223056,0.06063855165364636,0
c1,B,27,0.9397693735585846,0.7925062656641604,0.12875240696491835,0
c1,B,28,0.9397217482609265,0.7923809523809524,0.1287636877321209,0
c1,B,29,0.9397217482609265,0.7923809523809524,0.1287636877321209,0
c10,A,0,,0.0,0.0,1
c10,A,1,-0.0099161869761686,-0.006516290726817042,0.1563580423467976,0
c10,A,2,-0.561039807482471,-0.38958646616541354,0.17861095212902808,0
c10,A,3,,0.0,0.0,1
c10,A,4,-0.03585491159319745,-0.02298245614035088,0.04509524918847893,0
c10,A,5,,0.0,0.0,1
c10,A,6,,0.0,0.0,1
c10,A,7,-0.03409877561734761,-0.021954887218045113,0.08447113927132904,0
c10,A,8,,0.0,0.0,1
c10,A,9,,0.0,0.0,1
c10,B,0,-0.30704779404871274,-0.20922305764411028,0.058080995577224,0
c10,B,1,-0.9241514634466464,-0.7598245614035087,0.12827727380237394,0
c10,B,2,0.7715121969512309,0.5788721804511279,0.08094121323056697,0
c10,B,3,0.8551737198357489,0.6690977443609023,0.09420195482507367,0
c10,B,4,-0.9324313276957981,-0.7772180451127819,0.1277760705116891,0
c10,B,5,0.9388697429358932,0.7910025062656642,0.12835090182809133,0
c10,B,6,-0.7676652354077212,-0.5770175438596491,0.08957950012232324,0
c10,B,7,-0.8999111244445277,-0.7290977443609022,0.11985446076881036,0
c10,B,8,-0.924798904993156,-0.7687468671679198,0.12775893499698046,0
c10,B,9,0.9388494928093299,0.7902756892230577,0.1288748625579143,0
c11,A,0,,0.0,0.0,1
c11,A,1,,0.0,0.0,1
c11,A,2,0.9397217482609265,0.7923809523809524,0.1287636877321209,0
c11,A,3,,0.0,0.0,1
c11,A,4,,0.0,0.0,1
c11,A,5,,0.0,0.0,1
c11,A,6,,0.0,0.0,1
c11,A,7,,0.0,0.0,1
c11,A,8,-0.8865241032756455,-0.7147368421052631,0.1279101835356454,0
c11,A,9,0.8482969268557928,0.6599498746867168,0.09877780557380669,0
c11,A,10,-0.7409382558640992,-0.5440100250626566,0.10256102221053442,0
c11,A,11,,0.0,0.0,1
c11,A,12,,0.0,0.0,1
c11,A,13,,0.0,0.0,1
c11,A,14,,0.0,0.0,1
c11,A,15,,0.0,0.0,1
c11,A,16,,0.0,0.0,1
c11,A,17,,0.0,0.0,1
c11,A,18,,0.0,0.0,1
c11,A,19,,0.0,0.0,1
c11,A,20,-0.924798904993156,-0.7687468671679198,0.12775893499698046,0
c11,A,21,-0.030927380796129975,-0.020275689223057645,0.044855667423624845,0
c11,A,22,0.924023025143907,0.7648370927318295,0.12427662914268743,0
c11,A,23,,0.0,0.0,1
c11,A,24,,0.0,0.0,1
c11,A,25,,0.0,0.0,1
c11,A,26,,0.0,0.0,1
c11,A,27,0.8799632497703109,0.70265664160401,0.13176391977159752,0
c11,A,28,,0.0,0.0,1
c11,A,29,,0.0,0.0,1
c11,B,0,-0.8729945812161325,-0.6880952380952381,0.10369031001069719,0
c11,B,1,0.9408566928543304,0.7959899749373434,0.1292284073963704,0
c11,B,2,-0.9134218963868523,-0.7474436090225564,0.12049068364842361,0
c11,B,3,0.5914478840492753,0.42120300751879697,0.06789000518833711,0
c11,B,4,-0.926234788967431,-0.7674185463659148,0.12599068862103768,0
c11,B,5,-0.08355089719310746,-0.05518796992481203,0.05445277194214802,0
c11,B,6,-0.611374946093413,-0.4281954887218045,0.06285209414538737,0
c11,B,7,0.4508291301820636,0.31047619047619046,0.07984917831300657,0
c11,B,8,0.8620981381133631,0.6819799498746867,0.09943137701516166,0
c11,B,9,-0.355608722554516,-0.24378446115288221,0.0582980803174629,0
c11,B,10,,0.0,0.0,1
c11,B,11,-0.8677342358389739,-0.6885714285714286,0.10791304311802269,0
c11,B,12,-0.73619485121782,-0.5459649122807018,0.08501331255581705,0
c11,B,13,-0.4795563722273264,-0.33463659147869673,0.06581959756347333,0
c11,B,14,0.2837916486978044,0.19235588972431078,0.061395490918790936,0
c11,B,15,0.9397217482609265,0.7923809523809524,0.1287636877321209,0
c11,B,16,-0.9243856524103274,-0.7685714285714286,0.12723873044772313,0
c11,B,17,0.9301530009562559,0.7740601503759399,0.12439001236931063,0
c11,B,18,-0.26649335308345673,-0.179874686716792,0.057478026395645865,0
c11,B,19,-0.8247874674216713,-0.6313032581453634,0.09247785428690253,0
c11,B,20,0.9397217482609265,0.7923809523809524,0.1287636877321209,0
c11,B,21,,0.0,0.0,1
c11,B,22,,0.0,0.0,1
c11,B,23,-0.6835424596403727,-0.4942355889724311,0.08006635113665346,0
c11,B,24,,0.0,0.0,1
c11,B,25,-0.07548890930568315,-0.052456140350877194,0.057057545840070154,0
c11,B,26,-0.11048112800705004,-0.0737844611528822,0.0569071167497221,0
c11,B,27,0.9255196594978718,0.7671428571428571,0.12347623979568363,0
c11,B,28,,0.0,0.0,1
c11,B,29,-0.37125438283989276,-0.25390977443609025,0.05874799916563887,0
c2,A,0,,0.0,0.0,1
c2,A,1,,0.0,0.0,1
c2,A,2,,0.0,0.0,1
c2,A,3,0.9397217482609265,0.7923809523809524,0.1287636877321209,0
c2,A,4,-0.8598479365496033,-0.6722305764411027,0.12642860099816325,0
c2,A,5,0.9397530609566309,0.7923308270676692,0.12877795358815466,0
c2,A,6,0.9212011325070781,0.7604260651629072,0.13030441708313528,0
c2,A,7,-0.6993679335495845,-0.5090476190476191,0.15425505254455082,0
c2,A,8,-0.7089213057581609,-0.5161654135338346,0.11078355829579967,0
c2,A,9,0.9347066544165901,0.7849874686716792,0.12817611297925532,0
c2,A,10,-0.9055040969006056,-0.7370927318295739,0.12741603337946553,0
c2,A,11,-0.924798904993156,-0.7687468671679198,0.12775893499698046,0
c2,A,12,0.04889220354626703,0.03443609022556391,0.1879846113433999,0
c2,A,13,0.9264102900643129,0.7683208020050125,0.12975554343786452,0
c2,A,14,0.669636622728892,0.4831829573934837,0.12903139748633052,0
c2,A,15,,0.0,0.0,1
c2,A,16,0.8798608741304632,0.6985714285714286,0.12900368589174926,0
c2,A,17,0.9397217482609265,0.7923809523809524,0.1287636877321209,0
c2,A,18,0.8942377139857123,0.7216040100250627,0.11285072370496733,0
c2,A,19,0.040358834447248894,0.010012531328320803,0.04426356747092308,0
c2,A,20,0.9397217482609265,0.7923809523809524,0.1287636877321209,0
c2,A,21,0.23636585228657675,0.16017543859649122,0.054641801796509036,0
c2,A,22,0.8624208276301726,0.6779949874686717,0.10367665008305464,0
c2,A,23,0.700439690248064,0.5127067669172932,0.0809136042437154,0
c2,A,24,-0.5063388592494074,-0.346453634085213,0.15786909712008512,0
c2,A,25,-0.924798904993156,-0.7687468671679198,0.12775893499698046,0
c2,A,26,0.00018093863086644292,-0.0006516290726817042,0.02643219281617176,0
c2,A,27,-0.32192033506788414,-0.21591478696741856,0.15578722757642338,0
c2,A,28,-0.09709864382225593,-0.06255639097744362,0.11460398720648267,0
c2,A,29,-0.9024879530497065,-0.726015037593985,0.12726640366354672,0
c2,B,0,-0.6024112650704065,-0.4301754385964912,0.07604747204049113,0
c2,B,1,0.9397217482609265,0.7923809523809524,0.1287636877321209,0
c2,B,2,-0.7895550597191231,-0.5996741854636591,0.09662331811426397,0
c2,B,3,-0.924798904993156,-0.7687468671679198,0.12775893499698046,0
c2,B,4,-0.7667899799373746,-0.5743358395989975,0.08403370226104828,0
c2,B,5,,0.0,0.0,1
c2,B,6,-0.78229107681923,-0.5879949874686716,0.08338019735457258,0
c2,B,7,-0.924798904993156,-0.7687468671679198,0.12775893499698046,0
c2,B,8,-0.7509616935105845,-0.5543358395989975,0.09488334966426129,0
c2,B,9,0.5032516453227832,0.35155388471177945,0.062066919844566214,0
c2,B,10,-0.8894359964749778,-0.7153383458646616,0.11969960815069018,0
c2,B,11,-0.5673159207245044,-0.39909774436090223,0.06282549167338641,0
c2,B,12,-0.686214163838524,-0.5030075187969925,0.08232681655095789,0
c2,B,13,0.939646185288658,0.7921052631578948,0.12879490043664027,0
c2,B,14,-0.9217831361446007,-0.7641102756892231,0.12714432677418303,0
c2,B,15,0.9397217482609265,0.7923809523809524,0.1287636877321209,0
c2,B,16,0.5836330227063918,0.4180701754385965,0.06664012809702755,0
c2,B,17,-0.924798904993156,-0.7687468671679198,0.12775893499698046,0
c2,B,18,0.4913505709410683,0.3449874686716792,0.06260500077436766,0
c2,B,19,-0.6805598784992406,-0.49759398496240603,0.08072407182018275,0
c2,B,20,0.8618738867117919,0.6789724310776942,0.0987720705949705,0
c2,B,21,,0.0,0.0,1
c2,B,22,-0.924798904993156,-0.7687468671679198,0.12775893499698046,0
c2,B,23,,0.0,0.0,1
c2,B,24,,0.0,0.0,1
c2,B,25,-0.924798904993156,-0.7687468671679198,0.12775893499698046,0
c2,B,26,0.9397217482609265,0.7923809523809524,0.1287636877321209,0
c2,B,27,,0.0,0.0,1
c2,B,28,-0.9001078131738323,-0.7321052631578947,0.12105384870537177,0
c2,B,29,-0.9164939155869724,-0.7557142857142857,0.12456217394704301,0
c3,A,0,0.8361451634072711,0.6487468671679198,0.10957685149804969,0
c3,A,1,0.934040650254064,0.7824812030075188,0.13073554534480658,0
c3,A,2,0.9162421015131343,0.7536591478696741,0.12947922492430833,0
c3,A,3,0.8561989762436014,0.6709774436090226,0.11574519408981074,0
c3,A,4,0.9299604372527327,0.7709273182957393,0.13019156987482694,0
c3,A,5,0.9041173382333638,0.7323558897243108,0.1313868702421367,0
c3,A,6,0.1989428683929274,0.13288220551378446,0.08946686562880828,0
c3,A,7,0.8114124463277894,0.6202255639097745,0.13538680748691972,0
c3,A,8,0.9397217482609265,0.7923809523809524,0.1287636877321209,0
c3,A,9,,0.0,0.0,1
c3,A,10,-0.5632797704985655,-0.398922305764411,0.08375214727411023,0
c3,A,11,0.8028693304333152,0.6116290726817043,0.11177219160705713,0
c3,A,12,-0.7046719666997919,-0.5166917293233083,0.0927441988740936,0
c3,A,13,0.8145195282470515,0.6284962406015038,0.11681693215814151,0
c3,A,14,0.9034533965837286,0.7323308270676692,0.12361341059272186,0
c3,A,15,0.8147104044400276,0.6255639097744361,0.13850061639904837,0
c3,A,16,-0.917134982093638,-0.7570175438596491,0.12476044155094206,0
c3,A,17,0.09663810398814991,0.06601503759398496,0.07644146620588028,0
c3,A,18,0.8676826730167062,0.6843609022556391,0.11875295775113177,0
c3,A,19,-0.8619066994168713,-0.6807769423558897,0.10313373821987566,0
c3,A,20,-0.8294971218570116,-0.6344360902255639,0.1040748712846699,0
c3,A,21,0.8975626722667016,0.724812030075188,0.13079938098701122,0
c3,A,22,-0.8770806067537922,-0.6955388471177945,0.12504852901871522,0
c3,A,23,-0.8606995668722929,-0.6801503759398496,0.12723707463611847,0
c3,A,24,-0.8042530890818067,-0.6095989974937344,0.0924519224080438,0
c3,A,25,-0.6380889880561753,-0.4630075187969925,0.11351292495914099,0
c3,A,26,-0.7898327489546809,-0.5945112781954888,0.12204113524567764,0
c3,A,27,0.9469499184369901,0.802907268170426,0.12894116521967264,0
c3,A,28,-0.9249498434365215,-0.7692731829573934,0.12786789884628932,0
c3,A,29,0.23294620591378692,0.15666666666666668,0.05588392509502078,0
c3,B,0,-0.6182397389983686,-0.44360902255639095,0.07557196876525375,0
c3,B,1,-0.8703961899761873,-0.6894486215538848,0.10492764073912578,0
c3,B,2,0.8477811111319445,0.6568671679197995,0.09736041541253852,0
c3,B,3,0.8137337108356927,0.6267919799498747,0.09149185379450239,0
c3,B,4,0.8140813380083625,0.6240350877192983,0.09088595406258718,0
c3,B,5,-0.9245527159544746,-0.7677443609022556,0.12537338321560784,0
c3,B,6,-0.36580841130257064,-0.2498997493734336,0.06069401262738919,0
c3,B,7,0.9393879961749761,0.7916290726817042,0.1286976536468244,0
c3,B,8,-0.7253608460052875,-0.5329323308270677,0.07807468859752069,0
c3,B,9,-0.10097913111956948,-0.06754385964912281,0.05361738985333075,0
c3,B,10,-0.924798904993156,-0.7687468671679198,0.12775893499698046,0
c3,B,11,-0.7868756679729247,-0.5971177944862155,0.09424492976407056,0
c3,B,12,0.9249104681904261,0.7657644110275689,0.12362043540084049,0
c3,B,13,-0.924798904993156,-0.7687468671679198,0.12775893499698046,0
c3,B,14,0.7879785498659366,0.5943107769423559,0.08990079291610975,0
c3,B,15,-0.2819966999793748,-0.1906766917293233,0.05827952585823593,0
c3,B,16,0.48351527197044974,0.336390977443609,0.059852024317792706,0
c3,B,17,0.9397217482609265,0.7923809523809524,0.1287636877321209,0
c3,B,18,0.8312915080719253,0.6405764411027569,0.08953886382999435,0
c3,B,19,-0.8830581441134007,-0.7081203007518797,0.1094001205884094,0
c3,B,20,-0.7813597584984905,-0.5899498746867168,0.09012788875416188,0
c3,B,21,0.9265209157557235,0.7668170426065163,0.1281697472057283,0
c3,B,22,-0.903096019350121,-0.7366917293233083,0.12025250404737456,0
c3,B,23,0.3141182757392233,0.21591478696741856,0.05246391013929565,0
c3,B,24,,0.0,0.0,1
c3,B,25,-0.8886462415390095,-0.7156390977443609,0.1197781886983606,0
c3,B,26,0.9397217482609265,0.7923809523809524,0.1287636877321209,0
c3,B,27,-0.924798904993156,-0.7687468671679198,0.12775893499698046,0
c3,B,28,0.8767944799654996,0.6969172932330827,0.10375205492462035,0
c3,B,29,,0.0,0.0,1
c4,A,0,-0.9227324545778409,-0.7661904761904762,0.12716223155275466,0
c4,A,1,-0.8708056925355783,-0.6861654135338345,0.12644385862462382,0
c4,A,2,-0.924798904993156,-0.7687468671679198,0.12775893499698046,0
c4,A,3,0.9381578009862561,0.7881203007518797,0.12122950585807116,0
c4,A,4,-0.6086229913936962,-0.43200501253132834,0.14692602863882723,0
c4,A,5,-0.3770335439596497,-0.25523809523809526,0.057725236961247164,0
c4,A,6,0.7138210863817899,0.5253884711779448,0.08306609261086527,0
c4,A,7,-0.852827892674329,-0.6629072681704261,0.0952219900195775,0
c4,A,8,-0.2544214651341571,-0.16924812030075187,0.08803917017809995,0
c4,A,9,0.9115061969137306,0.7443859649122807,0.12080197406988227,0
c4,B,0,-0.9263795398721241,-0.7718295739348371,0.1253084425033781,0
c4,B,1,-0.924798904993156,-0.7687468671679198,0.12775893499698046,0
c4,B,2,-0.8561723510771941,-0.6676691729323309,0.10349532476329125,0
c4,B,3,0.5638458365364782,0.400125313283208,0.06652333492306728,0
c4,B,4,-0.9147460296626853,-0.7502506265664161,0.12474926410526017,0
c4,B,5,-0.14983781148632178,-0.09862155388471178,0.05311930512154671,0
c4,B,6,-0.45978118613241326,-0.31513784461152883,0.06603062721233931,0
c4,B,7,0.9081936137100857,0.7410275689223058,0.1156709521953848,0
c4,B,8,0.9064614778842368,0.7382957393483709,0.1136024132947715,0
c4,B,9,-0.924798904993156,-0.7687468671679198,0.12775893499698046,0
c5,A,0,-0.3282871767948549,-0.22453634085213034,0.148542550986956,0
c5,A,1,0.0003615022593891211,0.0005764411027568922,0.1217750592296354,0
c5,A,2,-0.897189169932312,-0.7200751879699248,0.12349640662443538,0
c5,A,3,0.8087019293870586,0.6229072681704261,0.09189748837299198,0
c5,A,4,,0.0,0.0,1
c5,A,5,0.751110381939887,0.5556140350877193,0.14457462570218396,0
c5,A,6,0.6817017606360039,0.49721804511278195,0.08081669157629491,0
c5,A,7,,0.0,0.0,1
c5,A,8,-0.2454544090900568,-0.16588972431077695,0.1017470873124845,0
c5,A,9,-0.09618003862524141,-0.0643859649122807,0.15450616490119498,0
c5,B,0,0.4959060994131213,0.345062656641604,0.06508869348359163,0
c5,B,1,-0.09104081900511878,-0.05907268170426065,0.05834789979827478,0
c5,B,2,0.4949717810736317,0.35082706766917293,0.08464958732282091,0
c5,B,3,,0.0,0.0,1
c5,B,4,-0.924798904993156,-0.7687468671679198,0.12775893499698046,0
c5,B,5,,0.0,0.0,1
c5,B,6,-0.924798904993156,-0.7687468671679198,0.12775893499698046,0
c5,B,7,0.9364039150244688,0.7858646616541354,0.12780662040564564,0
c5,B,8,0.8256694729342057,0.6329573934837093,0.09132172262552013,0
c5,B,9,0.5000300001875011,0.35388471177944864,0.059418565663708324,0
c6,A,0,0.9350927193294957,0.7844611528822055,0.12818102710921264,0
c6,A,1,0.02716123225770161,0.01804511278195489,0.17051922401928926,0
c6,A,2,0.939513809461309,0.7865162907268171,0.13076734423814412,0
c6,A,3,0.01946937168357302,0.01117794486215539,0.0890739806261953,0
c6,A,4,,0.0,0.0,1
c6,A,5,,0.0,0.0,1
c6,A,6,0.9100485628035174,0.7417042606516291,0.14072672852598567,0
c6,A,7,0.7956154725967036,0.6014285714285714,0.1458876717208214,0
c6,A,8,,0.0,0.0,1
c6,A,9,-0.882982581141132,-0.7065413533834587,0.12049488578624473,0
c6,A,10,0.6668610428815179,0.47909774436090224,0.16162525913424558,0
c6,A,11,,0.0,0.0,1
c6,A,12,0.9397260607878799,0.792406015037594,0.1280738323003922,0
c6,A,13,0.8934616466352914,0.72,0.13235403387660782,0
c6,A,14,0.9341752760954755,0.7828320802005012,0.12716873134255477,0
c6,A,15,-0.9271704198151238,-0.7719298245614035,0.12775397386322945,0
c6,A,16,,0.0,0.0,1
c6,A,17,-0.6418733242082761,-0.46095238095238095,0.13647986244186375,0
c6,A,18,,0.0,0.0,1
c6,A,19,,0.0,0.0,1
c6,A,20,,0.0,0.0,1
c6,A,21,,0.0,0.0,1
c6,A,22,-0.5701263087641012,-0.4088095238095238,0.1522943548750278,0
c6,A,23,0.017106106913168207,0.01213032581453634,0.1644329127419358,0
c6,A,24,-0.7856666604166276,-0.5927318295739349,0.1294837621913618,0
c6,A,25,0.4117273142871049,0.2799498746867168,0.16211875685359053,0
c6,A,26,-0.5589728685804286,-0.39278195488721807,0.12852181980983698,0
c6,A,27,,0.0,0.0,1
c6,A,28,,0.0,0.0,1
c6,A,29,,0.0,0.0,1
c6,B,0,0.9397217482609265,0.7923809523809524,0.1287636877321209,0
c6,B,1,0.9396624978906118,0.7920802005012532,0.1287241267783147,0
c6,B,2,-0.9113601335008342,-0.7447117794486215,0.12252113082005629,0
c6,B,3,-0.6349944687154294,-0.46578947368421053,0.08210149612287046,0
c6,B,4,0.9388778054862843,0.7906766917293233,0.1286715290065283,0
c6,B,5,0.9397217482609265,0.7923809523809524,0.1287636877321209,0
c6,B,6,-0.7265846661541634,-0.5406766917293233,0.09047320080688499,0
c6,B,7,-0.7771199819998875,-0.5847869674185464,0.09122872068899088,0
c6,B,8,-0.9169647310295689,-0.7553884711779448,0.13025358869699102,0
c6,B,9,0.917815423846399,0.7519298245614036,0.1158703464952809,0
c6,B,10,0.9397217482609265,0.7923809523809524,0.1287636877321209,0
c6,B,11,-0.2769124182026137,-0.1893984962406015,0.056754514412703114,0
c6,B,12,-0.9094193088706803,-0.7416541353383459,0.12257843199833539,0
c6,B,13,,0.0,0.0,1
c6,B,14,-0.5565604785029905,-0.39035087719298245,0.06602125066033254,0
c6,B,15,-0.4222445765286033,-0.2875438596491228,0.06220852191904095,0
c6,B,16,0.9329424558903492,0.7784210526315789,0.12279119801724313,0
c6,B,17,0.9398803742523391,0.7876691729323309,0.1258872845961759,0
c6,B,18,0.7228301426883917,0.5276441102756892,0.07581039826510091,0
c6,B,19,-0.1896583728648304,-0.12917293233082708,0.05331855660616361,0
c6,B,20,-0.49467177919861993,-0.3449874686716792,0.0636700098012885,0
c6,B,21,,0.0,0.0,1
c6,B,22,0.7827377046106537,0.5930576441102757,0.08377797121291533,0
c6,B,23,,0.0,0.0,1
c6,B,24,0.9397217482609265,0.7923809523809524,0.1287636877321209,0
c6,B,25,,0.0,0.0,1
c6,B,26,-0.2577574859842874,-0.17395989974937343,0.056770970563051054,0
c6,B,27,-0.7536513978212362,-0.5599248120300752,0.0848112034122926,0
c6,B,28,,0.0,0.0,1
c6,B,29,-0.7926921418258863,-0.6050125313283208,0.0932961858640147,0
c7,A,0,,0.0,0.0,1
c7,A,1,0.9487949299683122,0.8042857142857143,0.1254254227327611,0
c7,A,2,0.08940716058557362,0.060476190476190475,0.18724208583450805,0
c7,A,3,,0.0,0.0,1
c7,A,4,,0.0,0.0,1
c7,A,5,,0.0,0.0,1
c7,A,6,,0.0,0.0,1
c7,A,7,,0.0,0.0,1
c7,A,8,,0.0,0.0,1
c7,A,9,,0.0,0.0,1
c7,A,10,,0.0,0.0,1
c7,A,11,,0.0,0.0,1
c7,A,12,-0.4128984705339113,-0.2839473684210526,0.14359830589288092,0
c7,A,13,,0.0,0.0,1
c7,A,14,-0.8977649860311627,-0.7254135338345865,0.12591654788892165,0
c7,A,15,-0.9328569553559709,-0.7770676691729324,0.12546651469213996,0
c7,A,16,0.5438502419868657,0.3850751879699248,0.1658650275728713,0
c7,A,17,,0.0,0.0,1
c7,A,18,,0.0,0.0,1
c7,A,19,,0.0,0.0,1
c7,A,20,,0.0,0.0,1
c7,A,21,-0.42294208088800556,-0.3043859649122807,0.2060244006071948,0
c7,A,22,,0.0,0.0,1
c7,A,23,-0.5016881934354074,-0.34711779448621555,0.16205813976189953,0
c7,A,24,,0.0,0.0,1
c7,A,25,-0.8835263345395907,-0.708421052631579,0.12866152324146887,0
c7,A,26,-0.8661337258357864,-0.6837593984962406,0.13104636389864474,0
c7,A,27,,0.0,0.0,1
c7,A,28,,0.0,0.0,1
c7,A,29,-0.014150338439615245,-0.010350877192982456,0.025375939157202633,0
c7,B,0,0.939528434552716,0.7917543859649123,0.12867513702397973,0
c7,B,1,0.9397217482609265,0.7923809523809524,0.1287636877321209,0
c7,B,2,,0.0,0.0,1
c7,B,3,-0.9326332664579152,-0.7783959899749373,0.12641799135434295,0
c7,B,4,0.1813674460465378,0.12293233082706767,0.06081838013832053,0
c7,B,5,-0.9229064556653478,-0.7643107769423559,0.12835900616781307,0
c7,B,6,-0.4518975118594491,-0.3123308270676692,0.05982102575480096,0
c7,B,7,-0.5615680723004518,-0.3900501253132832,0.06364995542075985,0
c7,B,8,-0.924798904993156,-0.7687468671679198,0.12775893499698046,0
c7,B,9,0.9397217482609265,0.7923809523809524,0.1287636877321209,0
c7,B,10,0.9449444059025368,0.7954887218045112,0.12916671933547588,0
c7,B,11,-0.8934423340145875,-0.7154135338345865,0.10709237760273903,0
c7,B,12,-0.8051737198357489,-0.6149874686716792,0.09558711341231516,0
c7,B,13,,0.0,0.0,1
c7,B,14,0.9397217482609265,0.7923809523809524,0.1287636877321209,0
c7,B,15,0.7522368889805561,0.5597744360902256,0.09042937304912381,0
c7,B,16,0.7318028237676485,0.5384210526315789,0.07711188275731781,0
c7,B,17,-0.8707003168769805,-0.6892731829573935,0.10611826927593869,0
c7,B,18,0.9397217482609265,0.7923809523809524,0.1287636877321209,0
c7,B,19,,0.0,0.0,1
c7,B,20,-0.657087169294808,-0.4737092731829574,0.08065484028133853,0
c7,B,21,0.9394689966812292,0.7920802005012532,0.1287603014580111,0
c7,B,22,-0.9342823392646203,-0.7820802005012532,0.12584137837607628,0
c7,B,23,0.8169832936455851,0.6268922305764411,0.0865892160270171,0
c7,B,24,0.9397217482609265,0.7923809523809524,0.1287636877321209,0
c7,B,25,-0.6999538747117169,-0.512406015037594,0.07923018024754182,0
c7,B,26,-0.032158700991881194,-0.019423558897243107,0.051873088599505374,0
c7,B,27,0.9397217482609265,0.7923809523809524,0.1287636877321209,0
c7,B,28,,0.0,0.0,1
c7,B,29,0.9397217482609265,0.7923809523809524,0.1287636877321209,0
c8,A,0,,0.0,0.0,1
c8,A,1,,0.0,0.0,1
c8,A,2,,0.0,0.0,1
c8,A,3,,0.0,0.0,1
c8,A,4,,0.0,0.0,1
c8,A,5,0.8444587778673616,0.6603508771929825,0.09644457409340526,0
c8,A,6,,0.0,0.0,1
c8,A,7,0.9474434215213844,0.8032080200501253,0.12842742939397944,0
c8,A,8,,0.0,0.0,1
c8,A,9,,0.0,0.0,1
c8,A,10,-0.767781861136632,-0.5734085213032581,0.14766880241201394,0
c8,A,11,,0.0,0.0,1
c8,A,12,-0.4648926381384193,-0.31819548872180453,0.1679771345400578,0
c8,A,13,,0.0,0.0,1
c8,A,14,,0.0,0.0,1
c8,A,15,,0.0,0.0,1
c8,A,16,,0.0,0.0,1
c8,A,17,,0.0,0.0,1
c8,A,18,,0.0,0.0,1
c8,A,19,0.9397217482609265,0.7923809523809524,0.1287636877321209,0
c8,A,20,-0.014150338439615245,-0.010350877192982456,0.025375939157202633,0
c8,A,21,0.645752657032741,0.46289473684210525,0.15879241820179296,0
c8,A,22,-0.6762844767779798,-0.4895488721804511,0.14645175491748536,0
c8,A,23,,0.0,0.0,1
c8,A,24,0.6572291076819229,0.4749624060150376,0.16161315109683305,0
c8,A,25,-0.30585584909905683,-0.2049624060150376,0.13288433906491187,0
c8,A,26,,0.0,0.0,1
c8,A,27,0.15560778504865652,0.10501253132832081,0.14387372043289876,0
c8,A,28,,0.0,0.0,1
c8,A,29,,0.0,0.0,1
c8,B,0,,0.0,0.0,1
c8,B,1,0.9380263626647666,0.7885964912280702,0.12881030246330097,0
c8,B,2,0.07307351920949505,0.04974937343358396,0.05663003172890395,0
c8,B,3,0.9355777848611553,0.7850375939849624,0.1268988767971942,0
c8,B,4,,0.0,0.0,1
c8,B,5,,0.0,0.0,1
c8,B,6,,0.0,0.0,1
c8,B,7,-0.29117581984887403,-0.19834586466165413,0.05388567635170847,0
c8,B,8,-0.9231573322333264,-0.7638095238095238,0.12689855165823505,0
c8,B,9,0.9433272082950518,0.7960902255639097,0.12848016374215573,0
c8,B,10,0.5285440534003337,0.36794486215538846,0.0638917551247266,0
c8,B,11,0.9410410065062905,0.7944862155388471,0.1272892044309743,0
c8,B,12,0.5414167588547428,0.3877443609022556,0.08884657853258891,0
c8,B,13,-0.8155363471021694,-0.6273182957393484,0.09900942288518172,0
c8,B,14,0.4499201245007781,0.31160401002506266,0.055415096321792395,0
c8,B,15,0.9370554815967599,0.7864661654135339,0.12959387961364893,0
c8,B,16,-0.20649747810923816,-0.13882205513784462,0.06027078025409507,0
c8,B,17,0.5008771304820655,0.3497243107769424,0.06591580449967306,0
c8,B,18,0.6994241839011492,0.5129573934837093,0.07360110806055294,0
c8,B,19,0.9397217482609265,0.7923809523809524,0.1287636877321209,0
c8,B,20,-0.8799883749273433,-0.7024812030075188,0.11033484046868182,0
c8,B,21,,0.0,0.0,1
c8,B,22,0.7783162394764966,0.5835839598997494,0.08250708754186944,0
c8,B,23,,0.0,0.0,1
c8,B,24,-0.924798904993156,-0.7687468671679198,0.12775893499698046,0
c8,B,25,-0.700500253126582,-0.5113784461152883,0.07706096334436108,0
c8,B,26,0.8909376933605835,0.7150877192982457,0.11173167927678715,0
c8,B,27,0.6974940468377926,0.5063408521303259,0.07561717830862412,0
c8,B,28,0.15861192882455513,0.10902255639097744,0.06116398119703791,0
c8,B,29,-0.8323280145500909,-0.641453634085213,0.09395567314016405,0
c9,A,0,,0.0,0.0,1
c9,A,1,-0.5997922487015543,-0.4272932330827068,0.1417703405989566,0
c9,A,2,,0.0,0.0,1
c9,A,3,0.5895728706427786,0.4193609022556391,0.16263252337264206,0
c9,A,4,,0.0,0.0,1
c9,A,5,,0.0,0.0,1
c9,A,6,,0.0,0.0,1
c9,A,7,,0.0,0.0,1
c9,A,8,,0.0,0.0,1
c9,A,9,,0.0,0.0,1
c9,A,10,,0.0,0.0,1
c9,A,11,0.9053424708904431,0.7365413533834586,0.11592949389473137,0
c9,A,12,,0.0,0.0,1
c9,A,13,-0.6555475971724823,-0.4680200501253133,0.13784774678936673,0
c9,A,14,,0.0,0.0,1
c9,A,15,,0.0,0.0,1
c9,A,16,,0.0,0.0,1
c9,A,17,,0.0,0.0,1
c9,A,18,,0.0,0.0,1
c9,A,19,0.9294673091706823,0.7780200501253133,0.13200461051141674,0
c9,A,20,0.7010325689535558,0.5104010025062656,0.14844875580468866,0
c9,A,21,,0.0,0.0,1
c9,A,22,,0.0,0.0,1
c9,A,23,,0.0,0.0,1
c9,A,24,,0.0,0.0,1
c9,A,25,,0.0,0.0,1
c9,A,26,0.583749085931787,0.4073934837092732,0.1623006942368976,0
c9,A,27,,0.0,0.0,1
c9,A,28,,0.0,0.0,1
c9,A,29,,0.0,0.0,1
c9,B,0,-0.6375836723979524,-0.4585714285714286,0.0710531253569283,0
c9,B,1,0.9377638610241313,0.7885714285714286,0.12960604001480092,0
c9,B,2,-0.9238878367989799,-0.7680701754385965,0.1272164457155133,0
c9,B,3,0.9059608497553109,0.7356140350877193,0.1140434711824984,0
c9,B,4,-0.8167920424502652,-0.6305513784461153,0.09111500335040337,0
c9,B,5,0.9397217482609265,0.7923809523809524,0.1287636877321209,0
c9,B,6,0.8683006768792305,0.6875187969924812,0.09989087289523281,0
c9,B,7,-0.9138960868505428,-0.7493734335839599,0.12296109752340736,0
c9,B,8,-0.9008079425496408,-0.7291979949874686,0.11863432554343933,0
c9,B,9,0.5970830442690267,0.42235588972431076,0.06912932859483979,0
c9,B,10,-0.9244490278064237,-0.7680701754385965,0.12772545329051893,0
c9,B,11,,0.0,0.0,1
c9,B,12,-0.2876014850092813,-0.19413533834586466,0.059969161188087934,0
c9,B,13,-0.9305285658035362,-0.7741854636591479,0.12261419878874949,0
c9,B,14,0.9161824761404758,0.7493984962406015,0.11470440391981632,0
c9,B,15,0.42879567997299983,0.2962155388471178,0.056470683482417836,0
c9,B,16,-0.7461877261732885,-0.5580451127819549,0.08762944923648597,0
c9,B,17,,0.0,0.0,1
c9,B,18,0.6285943037143982,0.4450125313283208,0.07484305058610272,0
c9,B,19,,0.0,0.0,1
c9,B,20,0.9473414208838805,0.8054135338345865,0.1271987394020214,0
c9,B,21,-0.38919393246207784,-0.2658395989974937,0.05696639110891196,0
c9,B,22,0.7255239720248251,0.5359649122807018,0.08077933499662149,0
c9,B,23,0.9397217482609265,0.7923809523809524,0.1287636877321209,0
c9,B,24,0.9051202820017624,0.7319548872180451,0.11519240593008194,0
c9,B,25,-0.7261586634916467,-0.53468671679198,0.07818056866530887,0
c9,B,26,,0.0,0.0,1
c9,B,27,0.9169891061819135,0.7519047619047619,0.11649695824216355,0
c9,B,28,-0.8188262426640165,-0.6305263157894737,0.09714675898741736,0
c9,B,29,0.9397217482609265,0.7923809523809524,0.1287636877321209,0
